date;davis4
01.07.2018 00:00;0
28.07.2018 13:09;0.2
28.07.2018 13:10;0.2
28.07.2018 13:12;0.2
28.07.2018 13:13;0.2
28.07.2018 13:15;0.2
28.07.2018 13:16;0.2
28.07.2018 13:18;0.2
28.07.2018 13:21;0.2
28.07.2018 13:30;0.2
28.07.2018 13:48;0.2
28.07.2018 14:13;0.2
02.08.2018 18:30;0.2
02.08.2018 18:31;0.2
02.08.2018 18:31;0.2
02.08.2018 18:32;0.2
02.08.2018 18:33;0.2
02.08.2018 18:34;0.2
02.08.2018 18:34;0.2
02.08.2018 18:35;0.2
02.08.2018 18:35;0.2
02.08.2018 18:35;0.2
02.08.2018 18:36;0.2
02.08.2018 18:36;0.2
02.08.2018 18:36;0.2
02.08.2018 18:36;0.2
02.08.2018 18:37;0.2
02.08.2018 18:37;0.2
02.08.2018 18:39;0.2
02.08.2018 18:41;0.2
02.08.2018 18:45;0.2
02.08.2018 18:46;0.2
02.08.2018 18:47;0.2
02.08.2018 18:48;0.2
02.08.2018 18:49;0.2
02.08.2018 18:49;0.2
02.08.2018 18:57;0.2
03.08.2018 14:44;0.2
03.08.2018 14:57;0.2
03.08.2018 14:57;0.2
05.08.2018 00:52;0.2
05.08.2018 00:52;0.2
05.08.2018 00:53;0.2
05.08.2018 00:53;0.2
05.08.2018 00:53;0.2
05.08.2018 00:53;0.2
05.08.2018 00:53;0.2
05.08.2018 00:53;0.2
05.08.2018 00:53;0.2
05.08.2018 00:54;0.2
05.08.2018 00:54;0.2
05.08.2018 00:54;0.2
05.08.2018 00:54;0.2
05.08.2018 00:54;0.2
05.08.2018 00:54;0.2
05.08.2018 00:55;0.2
05.08.2018 00:55;0.2
05.08.2018 00:55;0.2
05.08.2018 00:55;0.2
05.08.2018 00:55;0.2
05.08.2018 00:55;0.2
05.08.2018 00:56;0.2
05.08.2018 00:56;0.2
05.08.2018 00:56;0.2
05.08.2018 00:57;0.2
05.08.2018 00:57;0.2
05.08.2018 00:57;0.2
05.08.2018 00:58;0.2
05.08.2018 00:58;0.2
05.08.2018 00:59;0.2
05.08.2018 01:00;0.2
05.08.2018 01:01;0.2
05.08.2018 01:08;0.2
08.08.2018 15:02;0.2
08.08.2018 15:03;0.2
08.08.2018 15:04;0.2
08.08.2018 15:04;0.2
08.08.2018 15:05;0.2
08.08.2018 15:07;0.2
08.08.2018 15:31;0.2
08.08.2018 15:34;0.2
08.08.2018 16:09;0.2
08.08.2018 16:13;0.2
13.08.2018 20:50;0.2
13.08.2018 20:55;0.2
17.08.2018 23:26;0.2
17.08.2018 23:27;0.2
17.08.2018 23:28;0.2
17.08.2018 23:29;0.2
17.08.2018 23:30;0.2
17.08.2018 23:30;0.2
17.08.2018 23:31;0.2
17.08.2018 23:31;0.2
17.08.2018 23:32;0.2
17.08.2018 23:32;0.2
17.08.2018 23:32;0.2
17.08.2018 23:33;0.2
17.08.2018 23:33;0.2
17.08.2018 23:34;0.2
17.08.2018 23:34;0.2
17.08.2018 23:34;0.2
17.08.2018 23:35;0.2
17.08.2018 23:35;0.2
17.08.2018 23:36;0.2
17.08.2018 23:36;0.2
17.08.2018 23:36;0.2
17.08.2018 23:37;0.2
17.08.2018 23:37;0.2
17.08.2018 23:38;0.2
17.08.2018 23:38;0.2
17.08.2018 23:39;0.2
17.08.2018 23:40;0.2
17.08.2018 23:41;0.2
17.08.2018 23:42;0.2
17.08.2018 23:43;0.2
17.08.2018 23:43;0.2
17.08.2018 23:44;0.2
17.08.2018 23:45;0.2
17.08.2018 23:46;0.2
17.08.2018 23:47;0.2
17.08.2018 23:48;0.2
17.08.2018 23:49;0.2
17.08.2018 23:50;0.2
17.08.2018 23:50;0.2
17.08.2018 23:51;0.2
17.08.2018 23:52;0.2
17.08.2018 23:52;0.2
17.08.2018 23:53;0.2
17.08.2018 23:54;0.2
17.08.2018 23:55;0.2
17.08.2018 23:56;0.2
17.08.2018 23:57;0.2
17.08.2018 23:58;0.2
17.08.2018 23:59;0.2
18.08.2018 00:00;0.2
18.08.2018 00:00;0.2
18.08.2018 00:01;0.2
18.08.2018 00:01;0.2
18.08.2018 00:02;0.2
18.08.2018 00:03;0.2
18.08.2018 00:03;0.2
18.08.2018 00:04;0.2
18.08.2018 00:04;0.2
18.08.2018 00:05;0.2
18.08.2018 00:05;0.2
18.08.2018 00:06;0.2
18.08.2018 00:07;0.2
18.08.2018 00:08;0.2
18.08.2018 00:09;0.2
18.08.2018 00:10;0.2
18.08.2018 00:12;0.2
18.08.2018 00:14;0.2
18.08.2018 00:16;0.2
18.08.2018 00:19;0.2
18.08.2018 00:23;0.2
18.08.2018 00:25;0.2
18.08.2018 00:27;0.2
18.08.2018 00:28;0.2
18.08.2018 00:30;0.2
18.08.2018 00:32;0.2
18.08.2018 00:35;0.2
18.08.2018 00:44;0.2
18.08.2018 03:51;0.2
18.08.2018 05:27;0.2
21.08.2018 09:05;0.2
24.08.2018 15:32;0.2
24.08.2018 15:38;0.2
30.08.2018 06:59;0.2
30.08.2018 07:15;0.2
30.08.2018 07:29;0.2
30.08.2018 07:54;0.2
30.08.2018 08:00;0.2
30.08.2018 08:06;0.2
30.08.2018 09:02;0.2
30.08.2018 09:03;0.2
30.08.2018 09:04;0.2
30.08.2018 09:04;0.2
30.08.2018 09:05;0.2
30.08.2018 09:05;0.2
30.08.2018 09:05;0.2
30.08.2018 09:06;0.2
30.08.2018 09:06;0.2
30.08.2018 09:07;0.2
30.08.2018 09:07;0.2
30.08.2018 09:08;0.2
30.08.2018 09:09;0.2
30.08.2018 09:09;0.2
30.08.2018 09:09;0.2
30.08.2018 09:10;0.2
30.08.2018 09:10;0.2
30.08.2018 09:10;0.2
30.08.2018 09:10;0.2
30.08.2018 09:10;0.2
30.08.2018 09:10;0.2
30.08.2018 09:11;0.2
30.08.2018 09:11;0.2
30.08.2018 09:11;0.2
30.08.2018 09:12;0.2
30.08.2018 09:12;0.2
30.08.2018 09:13;0.2
30.08.2018 09:13;0.2
30.08.2018 09:14;0.2
30.08.2018 09:14;0.2
30.08.2018 09:15;0.2
30.08.2018 09:16;0.2
30.08.2018 09:20;0.2
30.08.2018 09:22;0.2
30.08.2018 09:23;0.2
30.08.2018 09:25;0.2
30.08.2018 09:29;0.2
30.08.2018 09:31;0.2
30.08.2018 09:34;0.2
30.08.2018 09:36;0.2
30.08.2018 09:39;0.2
30.08.2018 09:46;0.2
30.08.2018 09:53;0.2
30.08.2018 10:29;0.2
30.08.2018 10:44;0.2
30.08.2018 10:48;0.2
30.08.2018 10:59;0.2
30.08.2018 11:08;0.2
30.08.2018 11:46;0.2
30.08.2018 11:54;0.2
30.08.2018 15:02;0.2
30.08.2018 15:26;0.2
30.08.2018 15:27;0.2
30.08.2018 15:28;0.2
30.08.2018 17:17;0.2
30.08.2018 20:18;0.2
30.08.2018 20:19;0.2
30.08.2018 20:20;0.2
30.08.2018 20:20;0.2
30.08.2018 20:21;0.2
30.08.2018 20:22;0.2
30.08.2018 20:27;0.2
30.08.2018 21:11;0.2
30.08.2018 22:09;0.2
30.08.2018 22:16;0.2
01.09.2018 19:39;0.2
01.09.2018 20:00;0.2
01.09.2018 20:30;0.2
01.09.2018 20:43;0.2
01.09.2018 20:51;0.2
01.09.2018 21:06;0.2
01.09.2018 21:18;0.2
01.09.2018 21:34;0.2
01.09.2018 22:02;0.2
01.09.2018 22:30;0.2
01.09.2018 22:33;0.2
01.09.2018 22:43;0.2
01.09.2018 22:51;0.2
01.09.2018 23:03;0.2
01.09.2018 23:27;0.2
02.09.2018 00:12;0.2
02.09.2018 00:35;0.2
02.09.2018 02:39;0.2
02.09.2018 04:33;0.2
02.09.2018 04:47;0.2
02.09.2018 04:51;0.2
02.09.2018 04:53;0.2
02.09.2018 04:57;0.2
02.09.2018 05:04;0.2
02.09.2018 05:10;0.2
02.09.2018 05:16;0.2
02.09.2018 05:31;0.2
02.09.2018 05:42;0.2
02.09.2018 06:00;0.2
02.09.2018 06:20;0.2
02.09.2018 06:30;0.2
02.09.2018 06:36;0.2
02.09.2018 06:43;0.2
02.09.2018 07:14;0.2
02.09.2018 07:39;0.2
02.09.2018 07:48;0.2
02.09.2018 07:52;0.2
02.09.2018 09:41;0.2
02.09.2018 21:25;0.2
07.09.2018 08:32;0.2
07.09.2018 08:37;0.2
07.09.2018 08:46;0.2
07.09.2018 09:06;0.2
07.09.2018 11:44;0.2
07.09.2018 11:44;0.2
07.09.2018 11:45;0.2
07.09.2018 11:45;0.2
07.09.2018 11:45;0.2
07.09.2018 11:46;0.2
07.09.2018 11:47;0.2
07.09.2018 11:47;0.2
07.09.2018 11:47;0.2
07.09.2018 11:48;0.2
07.09.2018 11:48;0.2
07.09.2018 11:48;0.2
07.09.2018 11:48;0.2
07.09.2018 11:48;0.2
07.09.2018 11:49;0.2
07.09.2018 11:49;0.2
07.09.2018 11:49;0.2
07.09.2018 11:49;0.2
07.09.2018 11:50;0.2
07.09.2018 11:50;0.2
07.09.2018 11:50;0.2
07.09.2018 11:50;0.2
07.09.2018 11:51;0.2
07.09.2018 11:52;0.2
07.09.2018 11:52;0.2
07.09.2018 11:53;0.2
07.09.2018 11:54;0.2
07.09.2018 11:55;0.2
07.09.2018 11:56;0.2
07.09.2018 20:10;0.2
07.09.2018 20:11;0.2
07.09.2018 20:14;0.2
07.09.2018 22:10;0.2
08.09.2018 12:47;0.2
13.09.2018 13:13;0.2
13.09.2018 13:19;0.2
13.09.2018 13:30;0.2
13.09.2018 13:33;0.2
13.09.2018 13:34;0.2
13.09.2018 13:35;0.2
13.09.2018 13:35;0.2
13.09.2018 13:36;0.2
13.09.2018 13:37;0.2
13.09.2018 13:37;0.2
13.09.2018 13:38;0.2
13.09.2018 13:40;0.2
13.09.2018 13:43;0.2
13.09.2018 13:58;0.2
14.09.2018 05:34;0.2
14.09.2018 06:41;0.2
14.09.2018 08:04;0.2
21.09.2018 17:38;0.2
21.09.2018 17:58;0.2
21.09.2018 18:05;0.2
21.09.2018 18:14;0.2
21.09.2018 19:37;0.2
21.09.2018 19:39;0.2
21.09.2018 21:58;0.2
23.09.2018 12:14;0.2
23.09.2018 12:48;0.2
23.09.2018 14:25;0.2
23.09.2018 14:38;0.2
23.09.2018 14:40;0.2
23.09.2018 14:42;0.2
23.09.2018 14:44;0.2
23.09.2018 14:46;0.2
23.09.2018 14:49;0.2
23.09.2018 14:53;0.2
23.09.2018 14:55;0.2
23.09.2018 14:56;0.2
23.09.2018 14:59;0.2
23.09.2018 15:02;0.2
23.09.2018 15:03;0.2
23.09.2018 15:06;0.2
23.09.2018 15:11;0.2
23.09.2018 17:01;0.2
23.09.2018 17:04;0.2
23.09.2018 17:13;0.2
23.09.2018 17:14;0.2
23.09.2018 17:15;0.2
23.09.2018 17:16;0.2
23.09.2018 17:17;0.2
23.09.2018 17:18;0.2
23.09.2018 17:20;0.2
23.09.2018 17:22;0.2
23.09.2018 17:23;0.2
23.09.2018 17:24;0.2
23.09.2018 17:24;0.2
23.09.2018 17:25;0.2
23.09.2018 17:25;0.2
23.09.2018 17:26;0.2
23.09.2018 17:26;0.2
23.09.2018 17:26;0.2
23.09.2018 17:27;0.2
23.09.2018 17:27;0.2
23.09.2018 17:28;0.2
23.09.2018 17:28;0.2
23.09.2018 17:28;0.2
23.09.2018 17:29;0.2
23.09.2018 17:29;0.2
23.09.2018 17:29;0.2
23.09.2018 17:30;0.2
23.09.2018 17:30;0.2
23.09.2018 17:30;0.2
23.09.2018 17:30;0.2
23.09.2018 17:31;0.2
23.09.2018 17:31;0.2
23.09.2018 17:31;0.2
23.09.2018 17:32;0.2
23.09.2018 17:32;0.2
23.09.2018 17:32;0.2
23.09.2018 17:33;0.2
23.09.2018 17:33;0.2
23.09.2018 17:34;0.2
23.09.2018 17:34;0.2
23.09.2018 17:34;0.2
23.09.2018 17:35;0.2
23.09.2018 17:35;0.2
23.09.2018 17:35;0.2
23.09.2018 17:35;0.2
23.09.2018 17:35;0.2
23.09.2018 17:36;0.2
23.09.2018 17:36;0.2
23.09.2018 17:36;0.2
23.09.2018 17:36;0.2
23.09.2018 17:36;0.2
23.09.2018 17:37;0.2
23.09.2018 17:37;0.2
23.09.2018 17:37;0.2
23.09.2018 17:37;0.2
23.09.2018 17:37;0.2
23.09.2018 17:37;0.2
23.09.2018 17:38;0.2
23.09.2018 17:38;0.2
23.09.2018 17:38;0.2
23.09.2018 17:38;0.2
23.09.2018 17:38;0.2
23.09.2018 17:38;0.2
23.09.2018 17:39;0.2
23.09.2018 17:39;0.2
23.09.2018 17:39;0.2
23.09.2018 17:39;0.2
23.09.2018 17:40;0.2
23.09.2018 17:40;0.2
23.09.2018 17:40;0.2
23.09.2018 17:41;0.2
23.09.2018 17:42;0.2
23.09.2018 17:45;0.2
23.09.2018 17:48;0.2
23.09.2018 17:49;0.2
23.09.2018 17:50;0.2
23.09.2018 17:54;0.2
23.09.2018 17:57;0.2
23.09.2018 18:00;0.2
23.09.2018 18:02;0.2
23.09.2018 18:04;0.2
23.09.2018 18:06;0.2
23.09.2018 18:08;0.2
23.09.2018 18:10;0.2
23.09.2018 18:13;0.2
23.09.2018 18:15;0.2
23.09.2018 18:17;0.2
23.09.2018 18:20;0.2
23.09.2018 18:23;0.2
23.09.2018 18:25;0.2
23.09.2018 18:27;0.2
23.09.2018 18:31;0.2
23.09.2018 18:36;0.2
23.09.2018 19:14;0.2
23.09.2018 19:19;0.2
23.09.2018 19:24;0.2
23.09.2018 19:30;0.2
23.09.2018 19:47;0.2
23.09.2018 20:10;0.2
23.09.2018 20:20;0.2
23.09.2018 20:27;0.2
23.09.2018 20:32;0.2
23.09.2018 20:40;0.2
23.09.2018 20:44;0.2
23.09.2018 20:51;0.2
23.09.2018 20:55;0.2
23.09.2018 21:02;0.2
23.09.2018 21:19;0.2
23.09.2018 21:43;0.2
23.09.2018 22:01;0.2
23.09.2018 22:06;0.2
23.09.2018 22:13;0.2
23.09.2018 22:23;0.2
23.09.2018 22:41;0.2
23.09.2018 22:48;0.2
23.09.2018 23:13;0.2
23.09.2018 23:22;0.2
23.09.2018 23:44;0.2
23.09.2018 23:56;0.2
24.09.2018 00:03;0.2
24.09.2018 00:14;0.2
24.09.2018 02:03;0.2
24.09.2018 10:27;0.2
28.09.2018 12:20;0.2
28.09.2018 12:53;0.2
28.09.2018 13:06;0.2
28.09.2018 13:25;0.2
01.10.2018 16:34;0.2
01.10.2018 18:00;0.2
02.10.2018 04:21;0.2
02.10.2018 04:26;0.2
02.10.2018 04:49;0.2
02.10.2018 06:09;0.2
02.10.2018 07:00;0.2
02.10.2018 07:15;0.2
03.10.2018 12:58;0.2
19.10.2018 00:49;0.2
19.10.2018 02:35;0.2
19.10.2018 03:50;0.2
19.10.2018 06:57;0.2
19.10.2018 08:40;0.2
22.10.2018 15:13;0.2
22.10.2018 15:28;0.2
22.10.2018 15:36;0.2
22.10.2018 15:49;0.2
22.10.2018 16:30;0.2
22.10.2018 17:00;0.2
23.10.2018 12:29;0.2
23.10.2018 12:36;0.2
23.10.2018 12:43;0.2
23.10.2018 12:50;0.2
23.10.2018 19:42;0.2
23.10.2018 20:07;0.2
23.10.2018 20:23;0.2
23.10.2018 20:45;0.2
23.10.2018 20:56;0.2
23.10.2018 21:07;0.2
23.10.2018 21:23;0.2
23.10.2018 21:47;0.2
23.10.2018 22:00;0.2
23.10.2018 22:19;0.2
23.10.2018 22:34;0.2
23.10.2018 22:52;0.2
23.10.2018 23:11;0.2
23.10.2018 23:30;0.2
23.10.2018 23:38;0.2
23.10.2018 23:45;0.2
23.10.2018 23:49;0.2
23.10.2018 23:54;0.2
23.10.2018 23:58;0.2
24.10.2018 00:07;0.2
24.10.2018 00:14;0.2
24.10.2018 00:22;0.2
24.10.2018 00:37;0.2
24.10.2018 00:52;0.2
24.10.2018 01:00;0.2
24.10.2018 01:09;0.2
24.10.2018 01:21;0.2
24.10.2018 01:27;0.2
24.10.2018 01:33;0.2
24.10.2018 01:44;0.2
24.10.2018 01:56;0.2
24.10.2018 02:17;0.2
24.10.2018 02:38;0.2
24.10.2018 02:45;0.2
24.10.2018 02:50;0.2
24.10.2018 02:53;0.2
24.10.2018 03:03;0.2
24.10.2018 03:09;0.2
24.10.2018 03:12;0.2
24.10.2018 03:14;0.2
24.10.2018 03:16;0.2
24.10.2018 03:18;0.2
24.10.2018 03:19;0.2
24.10.2018 03:21;0.2
24.10.2018 03:24;0.2
24.10.2018 03:27;0.2
24.10.2018 03:29;0.2
24.10.2018 03:32;0.2
24.10.2018 03:34;0.2
24.10.2018 03:36;0.2
24.10.2018 03:37;0.2
24.10.2018 03:39;0.2
24.10.2018 03:40;0.2
24.10.2018 03:40;0.2
24.10.2018 03:41;0.2
24.10.2018 03:42;0.2
24.10.2018 03:42;0.2
24.10.2018 03:43;0.2
24.10.2018 03:43;0.2
24.10.2018 03:44;0.2
24.10.2018 03:44;0.2
24.10.2018 03:45;0.2
24.10.2018 03:46;0.2
24.10.2018 03:47;0.2
24.10.2018 03:48;0.2
24.10.2018 03:50;0.2
24.10.2018 03:54;0.2
24.10.2018 03:56;0.2
24.10.2018 03:57;0.2
24.10.2018 03:58;0.2
24.10.2018 03:59;0.2
24.10.2018 03:59;0.2
24.10.2018 04:00;0.2
24.10.2018 04:00;0.2
24.10.2018 04:01;0.2
24.10.2018 04:02;0.2
24.10.2018 04:04;0.2
24.10.2018 04:07;0.2
24.10.2018 04:12;0.2
24.10.2018 04:24;0.2
24.10.2018 04:26;0.2
24.10.2018 04:27;0.2
24.10.2018 04:29;0.2
24.10.2018 04:33;0.2
24.10.2018 04:35;0.2
24.10.2018 04:36;0.2
24.10.2018 04:37;0.2
24.10.2018 04:38;0.2
24.10.2018 04:39;0.2
24.10.2018 04:42;0.2
24.10.2018 04:42;0.2
24.10.2018 04:43;0.2
24.10.2018 04:43;0.2
24.10.2018 04:43;0.2
24.10.2018 04:43;0.2
24.10.2018 04:44;0.2
24.10.2018 04:44;0.2
24.10.2018 04:46;0.2
24.10.2018 04:47;0.2
24.10.2018 04:48;0.2
24.10.2018 04:49;0.2
24.10.2018 04:51;0.2
24.10.2018 04:52;0.2
24.10.2018 04:56;0.2
24.10.2018 05:01;0.2
24.10.2018 05:10;0.2
24.10.2018 05:15;0.2
24.10.2018 05:28;0.2
24.10.2018 05:46;0.2
24.10.2018 05:48;0.2
24.10.2018 05:51;0.2
24.10.2018 05:55;0.2
24.10.2018 05:57;0.2
24.10.2018 05:59;0.2
24.10.2018 06:01;0.2
24.10.2018 06:03;0.2
24.10.2018 06:05;0.2
24.10.2018 06:56;0.2
24.10.2018 07:16;0.2
24.10.2018 07:22;0.2
24.10.2018 07:27;0.2
24.10.2018 07:38;0.2
24.10.2018 07:39;0.2
24.10.2018 07:40;0.2
24.10.2018 07:57;0.2
24.10.2018 08:03;0.2
24.10.2018 08:09;0.2
24.10.2018 08:14;0.2
24.10.2018 08:19;0.2
24.10.2018 08:28;0.2
25.10.2018 00:05;0.2
25.10.2018 00:19;0.2
25.10.2018 00:47;0.2
25.10.2018 01:32;0.2
25.10.2018 01:58;0.2
25.10.2018 02:25;0.2
25.10.2018 04:37;0.2
25.10.2018 07:08;0.2
28.10.2018 13:53;0.2
28.10.2018 14:12;0.2
28.10.2018 14:31;0.2
28.10.2018 14:39;0.2
28.10.2018 14:45;0.2
28.10.2018 14:51;0.2
28.10.2018 14:57;0.2
28.10.2018 15:04;0.2
28.10.2018 15:10;0.2
28.10.2018 15:15;0.2
28.10.2018 15:20;0.2
28.10.2018 15:25;0.2
28.10.2018 15:29;0.2
28.10.2018 15:34;0.2
28.10.2018 15:37;0.2
28.10.2018 15:41;0.2
28.10.2018 15:44;0.2
28.10.2018 15:48;0.2
28.10.2018 15:53;0.2
28.10.2018 15:58;0.2
28.10.2018 16:04;0.2
28.10.2018 16:09;0.2
28.10.2018 16:13;0.2
28.10.2018 16:17;0.2
28.10.2018 16:22;0.2
28.10.2018 16:26;0.2
28.10.2018 16:30;0.2
28.10.2018 16:34;0.2
28.10.2018 16:38;0.2
28.10.2018 16:41;0.2
28.10.2018 16:44;0.2
28.10.2018 16:47;0.2
28.10.2018 16:50;0.2
28.10.2018 16:53;0.2
28.10.2018 16:56;0.2
28.10.2018 17:00;0.2
28.10.2018 17:03;0.2
28.10.2018 17:08;0.2
28.10.2018 17:11;0.2
28.10.2018 17:15;0.2
28.10.2018 17:19;0.2
28.10.2018 17:23;0.2
28.10.2018 17:27;0.2
28.10.2018 17:32;0.2
28.10.2018 17:37;0.2
28.10.2018 17:43;0.2
28.10.2018 17:47;0.2
28.10.2018 17:53;0.2
28.10.2018 17:58;0.2
28.10.2018 18:04;0.2
28.10.2018 18:09;0.2
28.10.2018 18:12;0.2
28.10.2018 18:16;0.2
28.10.2018 18:21;0.2
28.10.2018 18:26;0.2
28.10.2018 18:32;0.2
28.10.2018 18:37;0.2
28.10.2018 18:44;0.2
28.10.2018 18:50;0.2
28.10.2018 18:55;0.2
28.10.2018 19:03;0.2
28.10.2018 19:13;0.2
28.10.2018 19:29;0.2
28.10.2018 19:55;0.2
28.10.2018 21:19;0.2
28.10.2018 21:40;0.2
28.10.2018 21:51;0.2
28.10.2018 22:00;0.2
28.10.2018 22:15;0.2
28.10.2018 22:34;0.2
28.10.2018 22:48;0.2
28.10.2018 23:13;0.2
28.10.2018 23:33;0.2
29.10.2018 00:15;0.2
29.10.2018 01:18;0.2
29.10.2018 01:25;0.2
29.10.2018 01:31;0.2
29.10.2018 01:40;0.2
29.10.2018 01:52;0.2
29.10.2018 02:13;0.2
29.10.2018 03:14;0.2
29.10.2018 05:32;0.2
29.10.2018 07:46;0.2
29.10.2018 09:40;0.2
29.10.2018 16:23;0.2
13.11.2018 10:58;0.2
13.11.2018 11:20;0.2
13.11.2018 11:27;0.2
13.11.2018 11:36;0.2
13.11.2018 11:42;0.2
13.11.2018 11:49;0.2
13.11.2018 12:09;0.2
13.11.2018 14:16;0.2
13.11.2018 14:18;0.2
13.11.2018 14:28;0.2
13.11.2018 14:37;0.2
13.11.2018 14:51;0.2
13.11.2018 19:59;0.2
13.11.2018 20:03;0.2
13.11.2018 20:05;0.2
13.11.2018 20:07;0.2
13.11.2018 20:12;0.2
13.11.2018 20:15;0.2
13.11.2018 20:17;0.2
13.11.2018 20:20;0.2
13.11.2018 20:22;0.2
13.11.2018 20:26;0.2
13.11.2018 20:31;0.2
13.11.2018 20:34;0.2
13.11.2018 20:39;0.2
14.11.2018 07:48;0.2
17.11.2018 12:31;0.2
19.11.2018 11:35;0.2
19.11.2018 11:53;0.2
19.11.2018 12:08;0.2
19.11.2018 12:28;0.2
19.11.2018 12:47;0.2
19.11.2018 13:14;0.2
19.11.2018 13:42;0.2
19.11.2018 14:33;0.2
20.11.2018 22:44;0.2
27.11.2018 20:41;0.2
30.11.2018 14:33;0.2
30.11.2018 14:45;0.2
30.11.2018 14:53;0.2
30.11.2018 15:00;0.2
30.11.2018 15:09;0.2
30.11.2018 15:20;0.2
30.11.2018 15:35;0.2
30.11.2018 15:54;0.2
30.11.2018 16:06;0.2
30.11.2018 16:17;0.2
30.11.2018 16:28;0.2
30.11.2018 16:39;0.2
30.11.2018 16:47;0.2
30.11.2018 16:55;0.2
30.11.2018 17:04;0.2
30.11.2018 17:18;0.2
30.11.2018 17:31;0.2
30.11.2018 18:06;0.2
30.11.2018 18:35;0.2
30.11.2018 19:03;0.2
30.11.2018 19:20;0.2
30.11.2018 19:35;0.2
30.11.2018 19:48;0.2
30.11.2018 20:05;0.2
30.11.2018 20:21;0.2
30.11.2018 20:42;0.2
30.11.2018 20:56;0.2
30.11.2018 21:11;0.2
30.11.2018 21:34;0.2
30.11.2018 21:54;0.2
30.11.2018 22:22;0.2
30.11.2018 22:41;0.2
30.11.2018 23:02;0.2
30.11.2018 23:32;0.2
30.11.2018 23:54;0.2
01.12.2018 00:12;0.2
01.12.2018 00:26;0.2
01.12.2018 00:39;0.2
01.12.2018 00:54;0.2
01.12.2018 01:21;0.2
01.12.2018 06:03;0.2
02.12.2018 12:33;0.2
02.12.2018 16:03;0.2
02.12.2018 16:23;0.2
02.12.2018 16:49;0.2
02.12.2018 17:03;0.2
02.12.2018 17:13;0.2
02.12.2018 17:21;0.2
02.12.2018 17:30;0.2
02.12.2018 17:42;0.2
02.12.2018 17:52;0.2
02.12.2018 18:03;0.2
02.12.2018 18:15;0.2
02.12.2018 18:31;0.2
02.12.2018 19:53;0.2
02.12.2018 19:58;0.2
02.12.2018 20:04;0.2
02.12.2018 20:57;0.2
02.12.2018 21:17;0.2
03.12.2018 03:15;0.2
03.12.2018 05:40;0.2
03.12.2018 05:48;0.2
03.12.2018 06:16;0.2
03.12.2018 06:30;0.2
03.12.2018 07:24;0.2
03.12.2018 07:49;0.2
03.12.2018 12:52;0.2
03.12.2018 15:40;0.2
04.12.2018 01:01;0.2
04.12.2018 03:50;0.2
04.12.2018 04:03;0.2
04.12.2018 04:07;0.2
04.12.2018 04:29;0.2
04.12.2018 05:26;0.2
04.12.2018 06:08;0.2
04.12.2018 06:10;0.2
04.12.2018 06:41;0.2
04.12.2018 10:10;0.2
04.12.2018 10:44;0.2
04.12.2018 15:31;0.2
04.12.2018 15:32;0.2
04.12.2018 15:34;0.2
04.12.2018 15:35;0.2
04.12.2018 15:41;0.2
05.12.2018 12:44;0.2
07.12.2018 09:49;0.2
07.12.2018 11:19;0.2
07.12.2018 11:34;0.2
07.12.2018 11:41;0.2
07.12.2018 13:07;0.2
07.12.2018 16:52;0.2
07.12.2018 18:41;0.2
07.12.2018 18:48;0.2
07.12.2018 18:54;0.2
07.12.2018 19:00;0.2
07.12.2018 19:08;0.2
07.12.2018 19:12;0.2
07.12.2018 19:17;0.2
07.12.2018 19:35;0.2
07.12.2018 19:49;0.2
08.12.2018 01:26;0.2
08.12.2018 01:31;0.2
08.12.2018 02:01;0.2
08.12.2018 16:13;0.2
08.12.2018 16:19;0.2
08.12.2018 16:31;0.2
09.12.2018 01:01;0.2
09.12.2018 01:03;0.2
09.12.2018 01:07;0.2
09.12.2018 01:17;0.2
09.12.2018 02:09;0.2
09.12.2018 05:33;0.2
09.12.2018 06:02;0.2
09.12.2018 06:39;0.2
09.12.2018 06:45;0.2
09.12.2018 07:00;0.2
09.12.2018 07:29;0.2
09.12.2018 07:49;0.2
09.12.2018 09:14;0.2
09.12.2018 09:25;0.2
09.12.2018 09:34;0.2
09.12.2018 09:44;0.2
09.12.2018 09:49;0.2
09.12.2018 09:55;0.2
09.12.2018 10:02;0.2
09.12.2018 11:06;0.2
09.12.2018 12:55;0.2
09.12.2018 13:33;0.2
09.12.2018 13:49;0.2
09.12.2018 20:12;0.2
09.12.2018 20:28;0.2
09.12.2018 23:27;0.2
10.12.2018 01:59;0.2
10.12.2018 05:01;0.2
10.12.2018 05:30;0.2
10.12.2018 05:47;0.2
10.12.2018 06:02;0.2
10.12.2018 06:20;0.2
10.12.2018 06:28;0.2
10.12.2018 07:27;0.2
10.12.2018 07:58;0.2
10.12.2018 08:00;0.2
10.12.2018 08:03;0.2
10.12.2018 08:06;0.2
10.12.2018 08:28;0.2
10.12.2018 10:37;0.2
10.12.2018 10:53;0.2
10.12.2018 14:00;0.2
10.12.2018 17:23;0.2
10.12.2018 19:03;0.2
10.12.2018 19:41;0.2
10.12.2018 20:14;0.2
10.12.2018 21:25;0.2
10.12.2018 21:47;0.2
10.12.2018 23:35;0.2
11.12.2018 00:23;0.2
11.12.2018 00:38;0.2
11.12.2018 01:50;0.2
11.12.2018 02:02;0.2
11.12.2018 05:14;0.2
11.12.2018 05:43;0.2
11.12.2018 06:47;0.2
11.12.2018 07:26;0.2
11.12.2018 07:56;0.2
11.12.2018 08:02;0.2
11.12.2018 08:08;0.2
11.12.2018 08:13;0.2
11.12.2018 08:19;0.2
11.12.2018 08:23;0.2
11.12.2018 08:29;0.2
11.12.2018 08:33;0.2
11.12.2018 08:38;0.2
11.12.2018 08:44;0.2
11.12.2018 08:49;0.2
11.12.2018 08:55;0.2
11.12.2018 09:02;0.2
11.12.2018 09:07;0.2
11.12.2018 09:14;0.2
11.12.2018 09:20;0.2
11.12.2018 09:27;0.2
11.12.2018 09:36;0.2
11.12.2018 09:47;0.2
11.12.2018 09:59;0.2
11.12.2018 10:10;0.2
11.12.2018 10:20;0.2
11.12.2018 10:31;0.2
11.12.2018 10:41;0.2
11.12.2018 10:50;0.2
11.12.2018 10:58;0.2
11.12.2018 11:08;0.2
11.12.2018 11:21;0.2
11.12.2018 11:41;0.2
11.12.2018 12:56;0.2
11.12.2018 13:24;0.2
11.12.2018 13:31;0.2
11.12.2018 14:04;0.2
11.12.2018 14:46;0.2
11.12.2018 15:51;0.2
11.12.2018 16:02;0.2
11.12.2018 16:19;0.2
11.12.2018 16:54;0.2
11.12.2018 17:19;0.2
11.12.2018 17:34;0.2
11.12.2018 17:48;0.2
11.12.2018 17:59;0.2
11.12.2018 18:10;0.2
11.12.2018 18:17;0.2
11.12.2018 18:22;0.2
11.12.2018 18:29;0.2
11.12.2018 18:36;0.2
11.12.2018 18:45;0.2
11.12.2018 18:56;0.2
11.12.2018 19:10;0.2
11.12.2018 19:27;0.2
11.12.2018 19:38;0.2
11.12.2018 19:52;0.2
11.12.2018 20:08;0.2
11.12.2018 20:25;0.2
11.12.2018 20:38;0.2
11.12.2018 20:54;0.2
11.12.2018 21:08;0.2
11.12.2018 21:24;0.2
11.12.2018 21:39;0.2
11.12.2018 21:58;0.2
11.12.2018 22:15;0.2
11.12.2018 22:28;0.2
11.12.2018 22:40;0.2
11.12.2018 22:54;0.2
11.12.2018 23:01;0.2
11.12.2018 23:08;0.2
11.12.2018 23:14;0.2
11.12.2018 23:21;0.2
11.12.2018 23:33;0.2
11.12.2018 23:48;0.2
12.12.2018 03:12;0.2
12.12.2018 03:22;0.2
12.12.2018 03:52;0.2
12.12.2018 04:41;0.2
12.12.2018 05:01;0.2
12.12.2018 06:30;0.2
12.12.2018 07:33;0.2
12.12.2018 09:28;0.2
12.12.2018 09:33;0.2
17.12.2018 10:30;0.2
17.12.2018 11:17;0.2
19.12.2018 19:31;0.2
19.12.2018 20:58;0.2
19.12.2018 22:52;0.2
19.12.2018 23:46;0.2
19.12.2018 23:54;0.2
20.12.2018 01:10;0.2
20.12.2018 01:55;0.2
20.12.2018 02:10;0.2
20.12.2018 02:33;0.2
20.12.2018 02:48;0.2
20.12.2018 02:57;0.2
20.12.2018 03:04;0.2
20.12.2018 03:13;0.2
20.12.2018 03:21;0.2
20.12.2018 03:50;0.2
20.12.2018 04:11;0.2
20.12.2018 04:31;0.2
20.12.2018 04:48;0.2
20.12.2018 05:07;0.2
20.12.2018 05:33;0.2
20.12.2018 06:08;0.2
20.12.2018 08:55;0.2
20.12.2018 11:09;0.2
20.12.2018 17:57;0.2
20.12.2018 19:50;0.2
21.12.2018 03:28;0.2
21.12.2018 05:07;0.2
21.12.2018 11:16;0.2
21.12.2018 11:20;0.2
21.12.2018 11:29;0.2
21.12.2018 12:39;0.2
21.12.2018 12:49;0.2
21.12.2018 12:57;0.2
21.12.2018 13:07;0.2
21.12.2018 13:15;0.2
21.12.2018 13:19;0.2
21.12.2018 13:26;0.2
21.12.2018 13:30;0.2
21.12.2018 13:36;0.2
21.12.2018 13:41;0.2
21.12.2018 13:46;0.2
21.12.2018 13:51;0.2
21.12.2018 13:57;0.2
21.12.2018 14:01;0.2
21.12.2018 14:06;0.2
21.12.2018 14:10;0.2
21.12.2018 14:16;0.2
21.12.2018 14:25;0.2
21.12.2018 14:58;0.2
21.12.2018 15:25;0.2
21.12.2018 22:22;0.2
21.12.2018 22:32;0.2
22.12.2018 01:51;0.2
22.12.2018 04:59;0.2
22.12.2018 05:23;0.2
22.12.2018 06:22;0.2
22.12.2018 06:58;0.2
22.12.2018 07:03;0.2
22.12.2018 07:10;0.2
22.12.2018 07:15;0.2
22.12.2018 07:21;0.2
22.12.2018 07:29;0.2
22.12.2018 08:00;0.2
22.12.2018 08:11;0.2
22.12.2018 08:24;0.2
22.12.2018 08:35;0.2
22.12.2018 08:49;0.2
22.12.2018 08:57;0.2
22.12.2018 09:06;0.2
22.12.2018 09:24;0.2
22.12.2018 09:39;0.2
22.12.2018 09:43;0.2
22.12.2018 09:49;0.2
22.12.2018 10:06;0.2
22.12.2018 10:18;0.2
22.12.2018 11:23;0.2
22.12.2018 11:57;0.2
22.12.2018 12:03;0.2
22.12.2018 12:05;0.2
22.12.2018 12:07;0.2
22.12.2018 12:08;0.2
22.12.2018 12:09;0.2
22.12.2018 12:12;0.2
22.12.2018 12:14;0.2
22.12.2018 12:49;0.2
22.12.2018 12:54;0.2
22.12.2018 12:58;0.2
22.12.2018 12:59;0.2
22.12.2018 13:02;0.2
22.12.2018 13:04;0.2
22.12.2018 13:08;0.2
22.12.2018 13:12;0.2
22.12.2018 13:56;0.2
22.12.2018 13:59;0.2
22.12.2018 14:12;0.2
22.12.2018 14:20;0.2
22.12.2018 14:27;0.2
22.12.2018 14:37;0.2
22.12.2018 15:00;0.2
22.12.2018 15:55;0.2
22.12.2018 17:43;0.2
22.12.2018 18:06;0.2
22.12.2018 18:24;0.2
22.12.2018 19:55;0.2
22.12.2018 19:57;0.2
22.12.2018 19:59;0.2
22.12.2018 20:00;0.2
22.12.2018 20:03;0.2
22.12.2018 20:09;0.2
22.12.2018 20:20;0.2
22.12.2018 20:37;0.2
22.12.2018 21:59;0.2
22.12.2018 22:07;0.2
22.12.2018 22:32;0.2
23.12.2018 03:17;0.2
23.12.2018 09:42;0.2
23.12.2018 10:09;0.2
23.12.2018 16:35;0.2
23.12.2018 18:27;0.2
23.12.2018 18:53;0.2
23.12.2018 19:06;0.2
23.12.2018 19:19;0.2
23.12.2018 19:36;0.2
23.12.2018 20:02;0.2
23.12.2018 20:25;0.2
23.12.2018 20:39;0.2
23.12.2018 20:54;0.2
23.12.2018 21:06;0.2
23.12.2018 21:20;0.2
23.12.2018 21:35;0.2
23.12.2018 21:49;0.2
23.12.2018 21:56;0.2
23.12.2018 22:03;0.2
23.12.2018 22:11;0.2
23.12.2018 22:20;0.2
23.12.2018 22:28;0.2
23.12.2018 22:41;0.2
23.12.2018 22:50;0.2
23.12.2018 23:06;0.2
23.12.2018 23:19;0.2
23.12.2018 23:31;0.2
23.12.2018 23:39;0.2
23.12.2018 23:49;0.2
23.12.2018 23:58;0.2
24.12.2018 00:09;0.2
24.12.2018 00:15;0.2
24.12.2018 00:24;0.2
24.12.2018 00:32;0.2
24.12.2018 00:51;0.2
24.12.2018 01:02;0.2
24.12.2018 01:20;0.2
24.12.2018 01:42;0.2
24.12.2018 01:58;0.2
24.12.2018 02:13;0.2
24.12.2018 02:32;0.2
24.12.2018 02:46;0.2
24.12.2018 03:07;0.2
24.12.2018 03:23;0.2
24.12.2018 03:46;0.2
24.12.2018 04:02;0.2
24.12.2018 04:18;0.2
24.12.2018 04:31;0.2
24.12.2018 04:38;0.2
24.12.2018 04:44;0.2
24.12.2018 04:52;0.2
24.12.2018 05:01;0.2
24.12.2018 05:12;0.2
24.12.2018 05:18;0.2
24.12.2018 05:28;0.2
24.12.2018 05:34;0.2
24.12.2018 05:40;0.2
24.12.2018 05:47;0.2
24.12.2018 05:54;0.2
24.12.2018 05:58;0.2
24.12.2018 06:04;0.2
24.12.2018 06:07;0.2
24.12.2018 06:13;0.2
24.12.2018 06:18;0.2
24.12.2018 06:23;0.2
24.12.2018 06:27;0.2
24.12.2018 06:38;0.2
24.12.2018 06:52;0.2
24.12.2018 09:50;0.2
24.12.2018 10:09;0.2
24.12.2018 10:30;0.2
24.12.2018 11:50;0.2
25.12.2018 04:29;0.2
25.12.2018 05:00;0.2
25.12.2018 05:26;0.2
25.12.2018 06:43;0.2
25.12.2018 15:20;0.2
26.12.2018 15:53;0.2
27.12.2018 04:01;0.2
28.12.2018 13:12;0.2
28.12.2018 18:00;0.2
28.12.2018 20:26;0.2
28.12.2018 22:01;0.2
28.12.2018 23:58;0.2
29.12.2018 02:42;0.2
29.12.2018 07:16;0.2
29.12.2018 07:36;0.2
29.12.2018 08:49;0.2
29.12.2018 22:10;0.2
29.12.2018 23:03;0.2
30.12.2018 00:48;0.2
30.12.2018 01:13;0.2
30.12.2018 03:40;0.2
30.12.2018 03:45;0.2
30.12.2018 04:18;0.2
30.12.2018 04:23;0.2
30.12.2018 04:26;0.2
30.12.2018 04:29;0.2
30.12.2018 04:32;0.2
30.12.2018 04:38;0.2
30.12.2018 04:51;0.2
30.12.2018 04:58;0.2
30.12.2018 05:07;0.2
30.12.2018 05:15;0.2
30.12.2018 05:26;0.2
30.12.2018 05:33;0.2
30.12.2018 05:46;0.2
30.12.2018 05:49;0.2
30.12.2018 06:00;0.2
30.12.2018 06:04;0.2
30.12.2018 06:07;0.2
30.12.2018 06:09;0.2
30.12.2018 06:28;0.2
30.12.2018 06:43;0.2
30.12.2018 06:50;0.2
30.12.2018 06:52;0.2
30.12.2018 06:56;0.2
30.12.2018 07:53;0.2
30.12.2018 07:59;0.2
30.12.2018 08:18;0.2
31.12.2018 05:53;0.2
31.12.2018 23:11;0.2
31.12.2018 23:45;0.2
01.01.2019 00:36;0.2
01.01.2019 01:56;0.2
01.01.2019 10:19;0.2
01.01.2019 12:40;0.2
01.01.2019 14:28;0.2
01.01.2019 14:35;0.2
01.01.2019 14:56;0.2
01.01.2019 15:10;0.2
01.01.2019 15:18;0.2
01.01.2019 15:24;0.2
01.01.2019 15:36;0.2
01.01.2019 15:39;0.2
01.01.2019 15:40;0.2
01.01.2019 15:42;0.2
01.01.2019 15:45;0.2
01.01.2019 15:50;0.2
01.01.2019 18:56;0.2
01.01.2019 19:05;0.2
01.01.2019 19:10;0.2
01.01.2019 19:13;0.2
02.01.2019 02:20;0.2
04.01.2019 13:22;0.2
04.01.2019 16:01;0.2
04.01.2019 16:24;0.2
04.01.2019 16:54;0.2
04.01.2019 17:22;0.2
04.01.2019 17:47;0.2
04.01.2019 18:22;0.2
04.01.2019 18:58;0.2
04.01.2019 19:36;0.2
04.01.2019 20:09;0.2
04.01.2019 20:34;0.2
04.01.2019 21:41;0.2
04.01.2019 22:41;0.2
04.01.2019 23:48;0.2
05.01.2019 00:31;0.2
05.01.2019 01:07;0.2
05.01.2019 01:34;0.2
05.01.2019 01:53;0.2
05.01.2019 02:16;0.2
05.01.2019 02:35;0.2
05.01.2019 02:53;0.2
05.01.2019 03:01;0.2
05.01.2019 03:08;0.2
05.01.2019 03:31;0.2
05.01.2019 03:49;0.2
05.01.2019 04:18;0.2
05.01.2019 04:33;0.2
05.01.2019 04:39;0.2
05.01.2019 04:42;0.2
05.01.2019 04:45;0.2
05.01.2019 04:48;0.2
05.01.2019 04:52;0.2
05.01.2019 04:57;0.2
05.01.2019 05:03;0.2
05.01.2019 05:08;0.2
05.01.2019 05:14;0.2
05.01.2019 05:21;0.2
05.01.2019 05:30;0.2
05.01.2019 05:38;0.2
05.01.2019 05:48;0.2
05.01.2019 05:54;0.2
05.01.2019 05:59;0.2
05.01.2019 06:04;0.2
05.01.2019 06:10;0.2
05.01.2019 06:17;0.2
05.01.2019 06:27;0.2
05.01.2019 06:36;0.2
05.01.2019 06:46;0.2
05.01.2019 06:55;0.2
05.01.2019 07:06;0.2
05.01.2019 07:17;0.2
05.01.2019 07:30;0.2
05.01.2019 07:40;0.2
05.01.2019 07:58;0.2
05.01.2019 08:09;0.2
05.01.2019 08:28;0.2
05.01.2019 08:46;0.2
05.01.2019 09:14;0.2
05.01.2019 09:26;0.2
05.01.2019 09:46;0.2
05.01.2019 09:51;0.2
05.01.2019 10:02;0.2
05.01.2019 10:13;0.2
05.01.2019 10:36;0.2
05.01.2019 11:27;0.2
05.01.2019 12:12;0.2
05.01.2019 16:41;0.2
05.01.2019 16:47;0.2
05.01.2019 16:49;0.2
05.01.2019 16:52;0.2
05.01.2019 17:05;0.2
05.01.2019 18:12;0.2
05.01.2019 20:46;0.2
05.01.2019 21:12;0.2
05.01.2019 21:38;0.2
05.01.2019 21:45;0.2
05.01.2019 23:20;0.2
05.01.2019 23:36;0.2
06.01.2019 01:06;0.2
07.01.2019 05:22;0.2
07.01.2019 06:57;0.2
07.01.2019 07:41;0.2
07.01.2019 08:26;0.2
07.01.2019 09:15;0.2
07.01.2019 09:58;0.2
07.01.2019 10:57;0.2
07.01.2019 11:10;0.2
07.01.2019 11:36;0.2
07.01.2019 11:52;0.2
07.01.2019 12:36;0.2
07.01.2019 15:48;0.2
07.01.2019 23:45;0.2
08.01.2019 00:02;0.2
08.01.2019 00:23;0.2
08.01.2019 00:36;0.2
08.01.2019 00:44;0.2
08.01.2019 00:51;0.2
08.01.2019 01:45;0.2
08.01.2019 02:03;0.2
08.01.2019 02:14;0.2
08.01.2019 02:20;0.2
08.01.2019 02:26;0.2
08.01.2019 02:32;0.2
08.01.2019 02:43;0.2
08.01.2019 02:51;0.2
08.01.2019 03:00;0.2
08.01.2019 03:20;0.2
08.01.2019 03:35;0.2
08.01.2019 03:41;0.2
08.01.2019 03:54;0.2
08.01.2019 04:13;0.2
08.01.2019 04:19;0.2
08.01.2019 04:26;0.2
08.01.2019 04:34;0.2
08.01.2019 04:51;0.2
08.01.2019 05:28;0.2
08.01.2019 06:48;0.2
08.01.2019 06:59;0.2
08.01.2019 09:54;0.2
08.01.2019 10:24;0.2
08.01.2019 11:04;0.2
08.01.2019 11:58;0.2
08.01.2019 12:26;0.2
08.01.2019 13:05;0.2
08.01.2019 13:10;0.2
08.01.2019 13:14;0.2
08.01.2019 13:17;0.2
08.01.2019 13:20;0.2
08.01.2019 13:25;0.2
08.01.2019 13:33;0.2
08.01.2019 13:51;0.2
08.01.2019 13:59;0.2
08.01.2019 14:03;0.2
08.01.2019 14:07;0.2
08.01.2019 14:11;0.2
08.01.2019 14:19;0.2
08.01.2019 14:28;0.2
08.01.2019 14:34;0.2
08.01.2019 14:38;0.2
08.01.2019 14:46;0.2
08.01.2019 15:13;0.2
08.01.2019 15:55;0.2
08.01.2019 16:06;0.2
08.01.2019 16:12;0.2
08.01.2019 16:25;0.2
08.01.2019 17:19;0.2
08.01.2019 17:41;0.2
08.01.2019 17:58;0.2
08.01.2019 18:08;0.2
08.01.2019 18:25;0.2
08.01.2019 18:51;0.2
08.01.2019 18:59;0.2
08.01.2019 19:05;0.2
08.01.2019 19:12;0.2
08.01.2019 19:17;0.2
08.01.2019 19:26;0.2
08.01.2019 19:32;0.2
08.01.2019 19:38;0.2
08.01.2019 19:42;0.2
08.01.2019 19:48;0.2
08.01.2019 19:53;0.2
08.01.2019 19:57;0.2
08.01.2019 20:02;0.2
08.01.2019 20:06;0.2
08.01.2019 20:12;0.2
08.01.2019 20:21;0.2
08.01.2019 20:33;0.2
08.01.2019 20:38;0.2
08.01.2019 20:43;0.2
08.01.2019 20:53;0.2
08.01.2019 20:59;0.2
08.01.2019 21:07;0.2
08.01.2019 21:48;0.2
08.01.2019 22:05;0.2
08.01.2019 22:15;0.2
08.01.2019 22:25;0.2
08.01.2019 22:33;0.2
08.01.2019 22:43;0.2
08.01.2019 22:58;0.2
08.01.2019 23:12;0.2
08.01.2019 23:19;0.2
08.01.2019 23:26;0.2
08.01.2019 23:33;0.2
08.01.2019 23:41;0.2
08.01.2019 23:48;0.2
08.01.2019 23:57;0.2
09.01.2019 00:06;0.2
09.01.2019 00:17;0.2
09.01.2019 00:26;0.2
09.01.2019 00:39;0.2
09.01.2019 00:49;0.2
09.01.2019 01:05;0.2
09.01.2019 01:20;0.2
09.01.2019 01:44;0.2
09.01.2019 02:08;0.2
09.01.2019 02:33;0.2
09.01.2019 03:19;0.2
09.01.2019 10:07;0.2
09.01.2019 10:41;0.2
09.01.2019 11:13;0.2
09.01.2019 11:36;0.2
09.01.2019 11:59;0.2
09.01.2019 12:21;0.2
09.01.2019 13:11;0.2
10.01.2019 04:25;0.2
10.01.2019 05:44;0.2
10.01.2019 07:16;0.2
10.01.2019 09:11;0.2
10.01.2019 10:25;0.2
10.01.2019 11:42;0.2
10.01.2019 12:19;0.2
10.01.2019 12:52;0.2
10.01.2019 13:35;0.2
10.01.2019 14:24;0.2
10.01.2019 15:27;0.2
11.01.2019 14:15;0.2
11.01.2019 20:11;0.2
11.01.2019 21:08;0.2
11.01.2019 21:56;0.2
11.01.2019 23:02;0.2
12.01.2019 00:05;0.2
12.01.2019 01:10;0.2
12.01.2019 02:15;0.2
12.01.2019 03:27;0.2
12.01.2019 04:18;0.2
12.01.2019 05:31;0.2
12.01.2019 06:34;0.2
12.01.2019 07:42;0.2
12.01.2019 07:51;0.2
12.01.2019 08:20;0.2
12.01.2019 08:42;0.2
12.01.2019 09:03;0.2
12.01.2019 09:14;0.2
12.01.2019 09:34;0.2
12.01.2019 09:48;0.2
12.01.2019 10:07;0.2
12.01.2019 10:20;0.2
12.01.2019 10:33;0.2
12.01.2019 10:46;0.2
12.01.2019 10:57;0.2
12.01.2019 11:07;0.2
12.01.2019 11:16;0.2
12.01.2019 11:23;0.2
12.01.2019 11:32;0.2
12.01.2019 11:39;0.2
12.01.2019 11:48;0.2
12.01.2019 11:56;0.2
12.01.2019 12:05;0.2
12.01.2019 12:15;0.2
12.01.2019 12:24;0.2
12.01.2019 12:30;0.2
12.01.2019 12:35;0.2
12.01.2019 12:40;0.2
12.01.2019 12:45;0.2
12.01.2019 12:50;0.2
12.01.2019 12:55;0.2
12.01.2019 12:59;0.2
12.01.2019 13:05;0.2
12.01.2019 13:10;0.2
12.01.2019 13:15;0.2
12.01.2019 13:19;0.2
12.01.2019 13:24;0.2
12.01.2019 13:28;0.2
12.01.2019 13:33;0.2
12.01.2019 13:39;0.2
12.01.2019 13:44;0.2
12.01.2019 13:49;0.2
12.01.2019 13:54;0.2
12.01.2019 13:59;0.2
12.01.2019 14:04;0.2
12.01.2019 14:10;0.2
12.01.2019 14:15;0.2
12.01.2019 14:21;0.2
12.01.2019 14:26;0.2
12.01.2019 14:32;0.2
12.01.2019 14:38;0.2
12.01.2019 14:44;0.2
12.01.2019 14:50;0.2
12.01.2019 14:56;0.2
12.01.2019 15:02;0.2
12.01.2019 15:08;0.2
12.01.2019 15:15;0.2
12.01.2019 15:22;0.2
12.01.2019 15:30;0.2
12.01.2019 15:38;0.2
12.01.2019 15:48;0.2
12.01.2019 15:58;0.2
12.01.2019 16:07;0.2
12.01.2019 16:18;0.2
12.01.2019 16:28;0.2
12.01.2019 16:36;0.2
12.01.2019 16:43;0.2
12.01.2019 16:48;0.2
12.01.2019 16:52;0.2
12.01.2019 16:56;0.2
12.01.2019 17:01;0.2
12.01.2019 17:06;0.2
12.01.2019 17:12;0.2
12.01.2019 17:18;0.2
12.01.2019 17:24;0.2
12.01.2019 17:30;0.2
12.01.2019 17:38;0.2
12.01.2019 17:45;0.2
12.01.2019 17:55;0.2
12.01.2019 18:05;0.2
12.01.2019 18:18;0.2
12.01.2019 18:29;0.2
12.01.2019 18:42;0.2
12.01.2019 18:50;0.2
12.01.2019 18:59;0.2
12.01.2019 19:06;0.2
12.01.2019 19:16;0.2
12.01.2019 19:22;0.2
12.01.2019 19:29;0.2
12.01.2019 19:35;0.2
12.01.2019 19:42;0.2
12.01.2019 19:50;0.2
12.01.2019 20:01;0.2
12.01.2019 20:15;0.2
12.01.2019 20:32;0.2
12.01.2019 20:46;0.2
12.01.2019 21:01;0.2
12.01.2019 21:17;0.2
12.01.2019 21:39;0.2
12.01.2019 21:56;0.2
12.01.2019 22:17;0.2
12.01.2019 22:35;0.2
12.01.2019 22:57;0.2
12.01.2019 23:19;0.2
12.01.2019 23:46;0.2
13.01.2019 00:06;0.2
13.01.2019 00:20;0.2
13.01.2019 00:34;0.2
13.01.2019 00:53;0.2
13.01.2019 01:11;0.2
13.01.2019 01:34;0.2
13.01.2019 01:54;0.2
13.01.2019 02:22;0.2
13.01.2019 02:52;0.2
13.01.2019 03:26;0.2
13.01.2019 03:48;0.2
13.01.2019 04:06;0.2
13.01.2019 04:23;0.2
13.01.2019 04:50;0.2
13.01.2019 05:09;0.2
13.01.2019 05:41;0.2
13.01.2019 05:57;0.2
13.01.2019 06:27;0.2
13.01.2019 06:44;0.2
13.01.2019 07:08;0.2
13.01.2019 07:24;0.2
13.01.2019 07:37;0.2
13.01.2019 07:55;0.2
13.01.2019 08:23;0.2
13.01.2019 08:45;0.2
13.01.2019 09:10;0.2
13.01.2019 09:29;0.2
13.01.2019 09:50;0.2
13.01.2019 10:03;0.2
13.01.2019 10:22;0.2
13.01.2019 10:32;0.2
13.01.2019 10:48;0.2
13.01.2019 11:01;0.2
13.01.2019 11:17;0.2
13.01.2019 11:29;0.2
13.01.2019 11:41;0.2
13.01.2019 11:50;0.2
13.01.2019 12:00;0.2
13.01.2019 12:09;0.2
13.01.2019 12:21;0.2
13.01.2019 12:32;0.2
13.01.2019 12:44;0.2
13.01.2019 12:54;0.2
13.01.2019 13:05;0.2
13.01.2019 13:13;0.2
13.01.2019 13:19;0.2
13.01.2019 13:26;0.2
13.01.2019 13:31;0.2
13.01.2019 13:36;0.2
13.01.2019 13:44;0.2
13.01.2019 13:51;0.2
13.01.2019 14:00;0.2
13.01.2019 14:09;0.2
13.01.2019 14:19;0.2
13.01.2019 14:37;0.2
13.01.2019 14:56;0.2
13.01.2019 15:13;0.2
13.01.2019 15:35;0.2
13.01.2019 15:57;0.2
13.01.2019 16:04;0.2
13.01.2019 16:12;0.2
13.01.2019 16:24;0.2
13.01.2019 16:30;0.2
13.01.2019 16:35;0.2
13.01.2019 16:39;0.2
13.01.2019 16:44;0.2
13.01.2019 16:50;0.2
13.01.2019 17:01;0.2
13.01.2019 17:09;0.2
13.01.2019 17:50;0.2
13.01.2019 18:04;0.2
13.01.2019 18:21;0.2
13.01.2019 18:26;0.2
13.01.2019 18:32;0.2
13.01.2019 18:37;0.2
13.01.2019 18:43;0.2
13.01.2019 18:47;0.2
13.01.2019 18:52;0.2
13.01.2019 19:05;0.2
13.01.2019 19:38;0.2
13.01.2019 19:44;0.2
13.01.2019 20:32;0.2
13.01.2019 20:55;0.2
13.01.2019 20:59;0.2
13.01.2019 21:00;0.2
13.01.2019 21:01;0.2
13.01.2019 21:06;0.2
13.01.2019 23:42;0.2
13.01.2019 23:45;0.2
14.01.2019 00:23;0.2
14.01.2019 00:39;0.2
14.01.2019 00:51;0.2
14.01.2019 00:56;0.2
14.01.2019 01:01;0.2
14.01.2019 01:13;0.2
14.01.2019 01:48;0.2
15.01.2019 10:53;0.2
15.01.2019 11:15;0.2
15.01.2019 11:37;0.2
15.01.2019 12:12;0.2
15.01.2019 13:13;0.2
15.01.2019 13:46;0.2
15.01.2019 14:03;0.2
15.01.2019 14:18;0.2
15.01.2019 14:27;0.2
15.01.2019 14:40;0.2
15.01.2019 14:55;0.2
15.01.2019 15:08;0.2
15.01.2019 15:25;0.2
15.01.2019 16:06;0.2
15.01.2019 16:25;0.2
15.01.2019 16:46;0.2
15.01.2019 16:57;0.2
15.01.2019 17:06;0.2
15.01.2019 17:14;0.2
15.01.2019 17:31;0.2
15.01.2019 19:50;0.2
15.01.2019 22:51;0.2
15.01.2019 22:57;0.2
15.01.2019 23:07;0.2
15.01.2019 23:23;0.2
15.01.2019 23:53;0.2
16.01.2019 00:04;0.2
16.01.2019 00:12;0.2
16.01.2019 00:37;0.2
16.01.2019 05:11;0.2
16.01.2019 07:41;0.2
16.01.2019 11:10;0.2
16.01.2019 11:51;0.2
17.01.2019 20:11;0.2
17.01.2019 20:17;0.2
17.01.2019 20:35;0.2
17.01.2019 22:48;0.2
26.01.2019 10:52;0.2
26.01.2019 10:53;0.2
26.01.2019 11:00;0.2
26.01.2019 11:07;0.2
26.01.2019 11:15;0.2
26.01.2019 11:24;0.2
26.01.2019 11:32;0.2
26.01.2019 11:40;0.2
26.01.2019 11:46;0.2
26.01.2019 11:53;0.2
26.01.2019 12:00;0.2
26.01.2019 12:07;0.2
26.01.2019 12:13;0.2
26.01.2019 12:20;0.2
26.01.2019 12:26;0.2
26.01.2019 12:33;0.2
26.01.2019 12:41;0.2
26.01.2019 12:50;0.2
26.01.2019 12:58;0.2
26.01.2019 13:06;0.2
26.01.2019 13:13;0.2
26.01.2019 13:20;0.2
26.01.2019 13:28;0.2
26.01.2019 13:34;0.2
26.01.2019 13:40;0.2
26.01.2019 13:47;0.2
26.01.2019 13:54;0.2
26.01.2019 14:01;0.2
26.01.2019 14:06;0.2
26.01.2019 14:13;0.2
26.01.2019 14:20;0.2
26.01.2019 14:27;0.2
26.01.2019 14:36;0.2
26.01.2019 14:45;0.2
26.01.2019 14:51;0.2
26.01.2019 14:58;0.2
26.01.2019 15:05;0.2
26.01.2019 15:15;0.2
26.01.2019 15:28;0.2
26.01.2019 15:38;0.2
26.01.2019 15:45;0.2
26.01.2019 15:52;0.2
26.01.2019 16:00;0.2
26.01.2019 16:06;0.2
26.01.2019 16:17;0.2
26.01.2019 16:28;0.2
26.01.2019 16:40;0.2
26.01.2019 16:52;0.2
26.01.2019 17:03;0.2
26.01.2019 17:13;0.2
26.01.2019 17:23;0.2
26.01.2019 17:28;0.2
26.01.2019 17:37;0.2
26.01.2019 17:41;0.2
26.01.2019 17:47;0.2
26.01.2019 17:54;0.2
26.01.2019 18:04;0.2
26.01.2019 18:15;0.2
26.01.2019 18:26;0.2
26.01.2019 18:32;0.2
26.01.2019 18:41;0.2
26.01.2019 19:02;0.2
26.01.2019 20:01;0.2
26.01.2019 20:53;0.2
26.01.2019 22:16;0.2
26.01.2019 23:35;0.2
27.01.2019 18:40;0.2
28.01.2019 04:14;0.2
28.01.2019 05:08;0.2
28.01.2019 19:33;0.2
28.01.2019 20:40;0.2
28.01.2019 21:58;0.2
28.01.2019 23:03;0.2
29.01.2019 00:10;0.2
29.01.2019 00:44;0.2
29.01.2019 01:08;0.2
29.01.2019 01:55;0.2
29.01.2019 11:48;0.2
29.01.2019 12:03;0.2
29.01.2019 12:19;0.2
29.01.2019 12:42;0.2
01.02.2019 22:20;0.2
01.02.2019 22:50;0.2
01.02.2019 22:54;0.2
01.02.2019 23:00;0.2
01.02.2019 23:26;0.2
02.02.2019 00:23;0.2
02.02.2019 11:57;0.2
02.02.2019 12:20;0.2
02.02.2019 12:30;0.2
02.02.2019 12:40;0.2
02.02.2019 12:58;0.2
02.02.2019 13:18;0.2
02.02.2019 13:23;0.2
02.02.2019 13:30;0.2
02.02.2019 13:39;0.2
02.02.2019 13:54;0.2
02.02.2019 14:04;0.2
02.02.2019 14:14;0.2
02.02.2019 14:54;0.2
03.02.2019 07:32;0.2
04.02.2019 13:07;0.2
04.02.2019 13:15;0.2
04.02.2019 13:18;0.2
04.02.2019 13:22;0.2
04.02.2019 13:25;0.2
04.02.2019 13:28;0.2
04.02.2019 13:30;0.2
04.02.2019 13:33;0.2
04.02.2019 13:36;0.2
04.02.2019 13:39;0.2
04.02.2019 13:42;0.2
04.02.2019 13:45;0.2
04.02.2019 13:48;0.2
04.02.2019 13:51;0.2
04.02.2019 13:54;0.2
04.02.2019 13:58;0.2
04.02.2019 14:03;0.2
04.02.2019 14:10;0.2
04.02.2019 14:23;0.2
04.02.2019 14:44;0.2
04.02.2019 15:42;0.2
05.02.2019 11:59;0.2
05.02.2019 12:25;0.2
05.02.2019 12:44;0.2
05.02.2019 13:03;0.2
05.02.2019 13:23;0.2
05.02.2019 13:44;0.2
05.02.2019 14:02;0.2
05.02.2019 14:17;0.2
05.02.2019 14:34;0.2
05.02.2019 14:45;0.2
05.02.2019 14:58;0.2
05.02.2019 15:14;0.2
05.02.2019 15:29;0.2
05.02.2019 15:46;0.2
05.02.2019 16:02;0.2
05.02.2019 16:20;0.2
05.02.2019 16:49;0.2
05.02.2019 18:16;0.2
06.02.2019 03:30;0.2
06.02.2019 10:51;0.2
06.02.2019 11:15;0.2
06.02.2019 11:45;0.2
06.02.2019 12:59;0.2
06.02.2019 13:15;0.2
06.02.2019 13:23;0.2
06.02.2019 13:27;0.2
06.02.2019 13:33;0.2
06.02.2019 13:37;0.2
06.02.2019 13:41;0.2
06.02.2019 13:44;0.2
06.02.2019 13:47;0.2
06.02.2019 13:50;0.2
06.02.2019 13:53;0.2
06.02.2019 13:57;0.2
06.02.2019 14:02;0.2
06.02.2019 14:10;0.2
06.02.2019 14:23;0.2
06.02.2019 14:50;0.2
06.02.2019 16:18;0.2
07.02.2019 12:41;0.2
07.02.2019 13:11;0.2
07.02.2019 13:26;0.2
07.02.2019 13:40;0.2
07.02.2019 13:56;0.2
07.02.2019 14:09;0.2
07.02.2019 14:23;0.2
07.02.2019 14:40;0.2
07.02.2019 14:59;0.2
07.02.2019 15:22;0.2
07.02.2019 15:43;0.2
07.02.2019 16:08;0.2
07.02.2019 16:27;0.2
07.02.2019 16:46;0.2
07.02.2019 17:03;0.2
07.02.2019 17:16;0.2
07.02.2019 17:23;0.2
07.02.2019 17:30;0.2
07.02.2019 17:40;0.2
07.02.2019 17:57;0.2
07.02.2019 18:38;0.2
08.02.2019 02:22;0.2
08.02.2019 10:39;0.2
08.02.2019 10:50;0.2
08.02.2019 10:56;0.2
08.02.2019 11:04;0.2
08.02.2019 11:11;0.2
08.02.2019 11:24;0.2
08.02.2019 11:40;0.2
08.02.2019 11:56;0.2
08.02.2019 12:10;0.2
08.02.2019 12:28;0.2
08.02.2019 12:44;0.2
08.02.2019 12:56;0.2
08.02.2019 13:05;0.2
08.02.2019 13:16;0.2
08.02.2019 13:25;0.2
08.02.2019 13:37;0.2
08.02.2019 13:46;0.2
08.02.2019 13:59;0.2
08.02.2019 14:51;0.2
09.02.2019 00:16;0.2
11.02.2019 03:03;0.2
11.02.2019 03:13;0.2
11.02.2019 03:20;0.2
11.02.2019 03:29;0.2
11.02.2019 03:35;0.2
11.02.2019 03:40;0.2
11.02.2019 03:47;0.2
11.02.2019 03:53;0.2
11.02.2019 03:58;0.2
11.02.2019 04:03;0.2
11.02.2019 04:11;0.2
11.02.2019 04:19;0.2
11.02.2019 04:30;0.2
11.02.2019 04:37;0.2
11.02.2019 04:42;0.2
11.02.2019 04:47;0.2
11.02.2019 05:04;0.2
11.02.2019 05:11;0.2
11.02.2019 05:17;0.2
11.02.2019 05:41;0.2
11.02.2019 07:40;0.2
11.02.2019 08:16;0.2
11.02.2019 13:34;0.2
11.02.2019 13:35;0.2
11.02.2019 13:45;0.2
11.02.2019 17:53;0.2
12.02.2019 10:05;0.2
12.02.2019 13:42;0.2
13.02.2019 01:54;0.2
13.02.2019 02:55;0.2
21.02.2019 22:26;0.2
21.02.2019 22:32;0.2
21.02.2019 22:34;0.2
21.02.2019 22:36;0.2
21.02.2019 22:40;0.2
21.02.2019 22:52;0.2
21.02.2019 22:59;0.2
21.02.2019 23:10;0.2
21.02.2019 23:20;0.2
21.02.2019 23:24;0.2
21.02.2019 23:28;0.2
21.02.2019 23:31;0.2
21.02.2019 23:35;0.2
21.02.2019 23:41;0.2
21.02.2019 23:45;0.2
21.02.2019 23:50;0.2
21.02.2019 23:57;0.2
22.02.2019 00:01;0.2
22.02.2019 00:04;0.2
22.02.2019 00:09;0.2
22.02.2019 00:18;0.2
22.02.2019 00:23;0.2
22.02.2019 00:31;0.2
22.02.2019 00:38;0.2
22.02.2019 00:41;0.2
22.02.2019 00:52;0.2
22.02.2019 01:06;0.2
22.02.2019 01:12;0.2
22.02.2019 01:24;0.2
22.02.2019 01:46;0.2
22.02.2019 02:08;0.2
22.02.2019 02:19;0.2
22.02.2019 02:24;0.2
22.02.2019 02:36;0.2
22.02.2019 02:44;0.2
22.02.2019 02:59;0.2
22.02.2019 03:28;0.2
22.02.2019 03:34;0.2
22.02.2019 03:39;0.2
22.02.2019 03:50;0.2
22.02.2019 04:17;0.2
22.02.2019 04:55;0.2
22.02.2019 05:01;0.2
22.02.2019 05:16;0.2
22.02.2019 07:34;0.2
22.02.2019 08:32;0.2
23.02.2019 11:01;0.2
01.03.2019 01:06;0.2
01.03.2019 01:11;0.2
01.03.2019 01:15;0.2
01.03.2019 01:20;0.2
01.03.2019 01:26;0.2
01.03.2019 01:33;0.2
01.03.2019 02:24;0.2
01.03.2019 02:31;0.2
01.03.2019 02:34;0.2
01.03.2019 02:51;0.2
01.03.2019 03:31;0.2
01.03.2019 03:42;0.2
01.03.2019 03:51;0.2
01.03.2019 04:11;0.2
01.03.2019 04:13;0.2
01.03.2019 04:14;0.2
01.03.2019 04:27;0.2
01.03.2019 14:38;0.2
01.03.2019 14:43;0.2
01.03.2019 14:46;0.2
01.03.2019 14:49;0.2
01.03.2019 14:55;0.2
01.03.2019 15:59;0.2
01.03.2019 16:25;0.2
01.03.2019 16:29;0.2
01.03.2019 17:06;0.2
01.03.2019 17:16;0.2
01.03.2019 17:18;0.2
01.03.2019 17:20;0.2
01.03.2019 17:22;0.2
01.03.2019 17:28;0.2
03.03.2019 03:17;0.2
04.03.2019 19:20;0.2
04.03.2019 19:32;0.2
04.03.2019 19:39;0.2
05.03.2019 08:16;0.2
05.03.2019 13:26;0.2
05.03.2019 13:34;0.2
05.03.2019 13:44;0.2
05.03.2019 13:47;0.2
05.03.2019 13:49;0.2
05.03.2019 13:51;0.2
05.03.2019 13:53;0.2
05.03.2019 13:55;0.2
05.03.2019 13:57;0.2
05.03.2019 13:59;0.2
05.03.2019 14:02;0.2
05.03.2019 14:05;0.2
05.03.2019 14:20;0.2
05.03.2019 15:39;0.2
05.03.2019 15:43;0.2
05.03.2019 15:47;0.2
05.03.2019 15:51;0.2
08.03.2019 13:41;0.2
08.03.2019 16:25;0.2
08.03.2019 16:27;0.2
08.03.2019 16:28;0.2
08.03.2019 16:29;0.2
08.03.2019 16:34;0.2
08.03.2019 16:38;0.2
08.03.2019 17:03;0.2
08.03.2019 17:34;0.2
09.03.2019 07:06;0.2
09.03.2019 07:30;0.2
09.03.2019 07:53;0.2
09.03.2019 08:03;0.2
09.03.2019 08:14;0.2
09.03.2019 08:20;0.2
09.03.2019 08:29;0.2
09.03.2019 08:35;0.2
09.03.2019 08:42;0.2
09.03.2019 14:08;0.2
09.03.2019 14:09;0.2
09.03.2019 15:15;0.2
09.03.2019 19:40;0.2
09.03.2019 20:23;0.2
09.03.2019 20:25;0.2
10.03.2019 09:12;0.2
10.03.2019 09:22;0.2
10.03.2019 09:32;0.2
10.03.2019 09:39;0.2
10.03.2019 09:48;0.2
10.03.2019 09:57;0.2
10.03.2019 10:08;0.2
10.03.2019 10:23;0.2
10.03.2019 10:32;0.2
10.03.2019 10:43;0.2
10.03.2019 10:52;0.2
10.03.2019 11:02;0.2
10.03.2019 11:06;0.2
10.03.2019 11:16;0.2
10.03.2019 11:26;0.2
10.03.2019 11:39;0.2
10.03.2019 11:49;0.2
10.03.2019 12:08;0.2
10.03.2019 12:23;0.2
10.03.2019 12:27;0.2
10.03.2019 12:32;0.2
10.03.2019 15:53;0.2
10.03.2019 16:02;0.2
10.03.2019 16:04;0.2
10.03.2019 16:06;0.2
10.03.2019 16:07;0.2
10.03.2019 16:08;0.2
10.03.2019 16:09;0.2
10.03.2019 16:11;0.2
10.03.2019 16:12;0.2
10.03.2019 16:14;0.2
10.03.2019 16:16;0.2
10.03.2019 16:18;0.2
10.03.2019 16:21;0.2
10.03.2019 16:23;0.2
10.03.2019 16:25;0.2
10.03.2019 16:27;0.2
10.03.2019 16:30;0.2
10.03.2019 16:33;0.2
10.03.2019 16:36;0.2
10.03.2019 16:38;0.2
10.03.2019 17:45;0.2
10.03.2019 17:51;0.2
10.03.2019 18:06;0.2
10.03.2019 18:06;0.2
10.03.2019 18:07;0.2
10.03.2019 18:07;0.2
10.03.2019 18:08;0.2
10.03.2019 20:01;0.2
10.03.2019 23:07;0.2
10.03.2019 23:15;0.2
10.03.2019 23:39;0.2
11.03.2019 00:01;0.2
11.03.2019 00:56;0.2
11.03.2019 01:52;0.2
11.03.2019 02:07;0.2
11.03.2019 08:35;0.2
11.03.2019 15:42;0.2
11.03.2019 19:20;0.2
11.03.2019 19:27;0.2
11.03.2019 19:31;0.2
11.03.2019 19:34;0.2
11.03.2019 19:40;0.2
11.03.2019 19:47;0.2
11.03.2019 19:58;0.2
11.03.2019 20:14;0.2
11.03.2019 20:28;0.2
11.03.2019 20:37;0.2
11.03.2019 20:42;0.2
11.03.2019 20:52;0.2
11.03.2019 23:46;0.2
12.03.2019 00:30;0.2
13.03.2019 03:59;0.2
14.03.2019 03:17;0.2
14.03.2019 03:26;0.2
14.03.2019 03:38;0.2
14.03.2019 04:04;0.2
14.03.2019 13:49;0.2
14.03.2019 14:39;0.2
14.03.2019 15:22;0.2
14.03.2019 15:57;0.2
14.03.2019 16:35;0.2
14.03.2019 17:01;0.2
14.03.2019 17:14;0.2
14.03.2019 17:25;0.2
14.03.2019 17:35;0.2
14.03.2019 17:42;0.2
14.03.2019 17:50;0.2
14.03.2019 18:02;0.2
14.03.2019 18:13;0.2
14.03.2019 18:19;0.2
14.03.2019 18:25;0.2
14.03.2019 18:30;0.2
14.03.2019 18:35;0.2
14.03.2019 18:39;0.2
14.03.2019 18:42;0.2
14.03.2019 18:48;0.2
14.03.2019 19:40;0.2
14.03.2019 20:39;0.2
14.03.2019 20:46;0.2
14.03.2019 20:51;0.2
14.03.2019 20:55;0.2
14.03.2019 21:01;0.2
14.03.2019 21:08;0.2
14.03.2019 21:19;0.2
14.03.2019 21:36;0.2
14.03.2019 21:43;0.2
14.03.2019 21:59;0.2
14.03.2019 22:15;0.2
14.03.2019 22:26;0.2
14.03.2019 22:32;0.2
14.03.2019 22:38;0.2
14.03.2019 22:44;0.2
14.03.2019 22:47;0.2
14.03.2019 22:51;0.2
14.03.2019 23:09;0.2
14.03.2019 23:17;0.2
14.03.2019 23:22;0.2
14.03.2019 23:27;0.2
14.03.2019 23:34;0.2
15.03.2019 00:25;0.2
15.03.2019 00:31;0.2
15.03.2019 01:24;0.2
15.03.2019 01:57;0.2
15.03.2019 15:25;0.2
15.03.2019 15:45;0.2
15.03.2019 17:03;0.2
15.03.2019 19:24;0.2
15.03.2019 19:45;0.2
15.03.2019 19:53;0.2
15.03.2019 19:55;0.2
15.03.2019 19:56;0.2
15.03.2019 19:57;0.2
15.03.2019 19:58;0.2
15.03.2019 19:59;0.2
15.03.2019 20:01;0.2
15.03.2019 20:02;0.2
15.03.2019 20:04;0.2
15.03.2019 20:05;0.2
15.03.2019 20:05;0.2
15.03.2019 20:06;0.2
15.03.2019 20:07;0.2
15.03.2019 20:08;0.2
15.03.2019 20:09;0.2
15.03.2019 20:11;0.2
15.03.2019 20:14;0.2
15.03.2019 21:14;0.2
15.03.2019 21:23;0.2
15.03.2019 21:28;0.2
16.03.2019 09:44;0.2
16.03.2019 10:06;0.2
16.03.2019 10:22;0.2
16.03.2019 10:36;0.2
16.03.2019 10:45;0.2
16.03.2019 10:52;0.2
16.03.2019 11:01;0.2
16.03.2019 11:09;0.2
16.03.2019 11:23;0.2
16.03.2019 11:43;0.2
16.03.2019 12:04;0.2
16.03.2019 12:14;0.2
16.03.2019 12:28;0.2
16.03.2019 12:46;0.2
16.03.2019 13:43;0.2
17.03.2019 16:29;0.2
17.03.2019 16:32;0.2
17.03.2019 16:38;0.2
17.03.2019 16:51;0.2
17.03.2019 17:09;0.2
17.03.2019 17:18;0.2
17.03.2019 17:27;0.2
17.03.2019 17:36;0.2
17.03.2019 18:04;0.2
17.03.2019 18:19;0.2
18.03.2019 12:47;0.2
18.03.2019 14:47;0.2
18.03.2019 15:22;0.2
18.03.2019 15:27;0.2
19.03.2019 13:02;0.2
25.03.2019 09:26;0.2
25.03.2019 09:32;0.2
25.03.2019 09:37;0.2
25.03.2019 09:47;0.2
25.03.2019 15:38;0.2
25.03.2019 18:43;0.2
25.03.2019 18:50;0.2
25.03.2019 19:20;0.2
26.03.2019 18:56;0.2
27.03.2019 07:29;0.2
28.03.2019 02:26;0.2
28.03.2019 02:57;0.2
28.03.2019 03:22;0.2
28.03.2019 04:21;0.2
28.03.2019 04:47;0.2
28.03.2019 05:04;0.2
28.03.2019 05:22;0.2
28.03.2019 05:45;0.2
28.03.2019 06:18;0.2
28.03.2019 06:41;0.2
28.03.2019 07:11;0.2
28.03.2019 07:24;0.2
28.03.2019 07:43;0.2
28.03.2019 08:14;0.2
28.03.2019 09:08;0.2
28.03.2019 09:34;0.2
28.03.2019 09:56;0.2
28.03.2019 10:29;0.2
28.03.2019 11:37;0.2
28.03.2019 13:28;0.2
28.03.2019 17:04;0.2
28.03.2019 19:42;0.2
28.03.2019 20:00;0.2
14.04.2019 06:23;0.2
14.04.2019 06:50;0.2
14.04.2019 07:13;0.2
14.04.2019 08:13;0.2
14.04.2019 08:35;0.2
14.04.2019 08:58;0.2
14.04.2019 09:42;0.2
14.04.2019 10:24;0.2
14.04.2019 10:28;0.2
14.04.2019 10:32;0.2
14.04.2019 10:40;0.2
14.04.2019 10:46;0.2
14.04.2019 11:00;0.2
14.04.2019 11:20;0.2
14.04.2019 12:00;0.2
14.04.2019 12:08;0.2
14.04.2019 12:39;0.2
26.04.2019 17:41;0.2
26.04.2019 18:42;0.2
26.04.2019 18:49;0.2
26.04.2019 18:55;0.2
26.04.2019 18:56;0.2
26.04.2019 18:58;0.2
26.04.2019 19:03;0.2
26.04.2019 19:07;0.2
26.04.2019 19:09;0.2
26.04.2019 19:12;0.2
26.04.2019 19:14;0.2
26.04.2019 19:16;0.2
26.04.2019 19:19;0.2
26.04.2019 19:23;0.2
26.04.2019 19:24;0.2
26.04.2019 19:26;0.2
26.04.2019 19:27;0.2
26.04.2019 19:27;0.2
26.04.2019 19:28;0.2
26.04.2019 19:31;0.2
26.04.2019 19:33;0.2
26.04.2019 19:35;0.2
26.04.2019 19:37;0.2
26.04.2019 19:41;0.2
26.04.2019 19:43;0.2
26.04.2019 19:44;0.2
26.04.2019 19:46;0.2
26.04.2019 19:49;0.2
26.04.2019 19:52;0.2
26.04.2019 19:59;0.2
26.04.2019 20:10;0.2
26.04.2019 20:17;0.2
26.04.2019 20:19;0.2
26.04.2019 20:21;0.2
26.04.2019 20:23;0.2
26.04.2019 20:24;0.2
26.04.2019 20:26;0.2
26.04.2019 20:27;0.2
26.04.2019 20:29;0.2
26.04.2019 20:34;0.2
26.04.2019 20:39;0.2
26.04.2019 20:41;0.2
26.04.2019 20:43;0.2
26.04.2019 20:44;0.2
26.04.2019 20:45;0.2
26.04.2019 20:46;0.2
26.04.2019 20:48;0.2
26.04.2019 20:50;0.2
26.04.2019 20:51;0.2
26.04.2019 20:52;0.2
26.04.2019 20:54;0.2
26.04.2019 20:55;0.2
26.04.2019 20:57;0.2
26.04.2019 20:58;0.2
26.04.2019 20:59;0.2
26.04.2019 21:00;0.2
26.04.2019 21:02;0.2
26.04.2019 21:04;0.2
26.04.2019 21:06;0.2
26.04.2019 21:09;0.2
26.04.2019 21:11;0.2
26.04.2019 21:15;0.2
26.04.2019 21:20;0.2
26.04.2019 21:22;0.2
26.04.2019 21:25;0.2
26.04.2019 21:27;0.2
26.04.2019 21:30;0.2
26.04.2019 21:37;0.2
26.04.2019 21:41;0.2
26.04.2019 21:47;0.2
26.04.2019 21:53;0.2
26.04.2019 22:10;0.2
26.04.2019 22:22;0.2
27.04.2019 00:32;0.2
27.04.2019 19:19;0.2
27.04.2019 19:24;0.2
27.04.2019 19:27;0.2
27.04.2019 19:31;0.2
27.04.2019 19:36;0.2
27.04.2019 19:44;0.2
27.04.2019 23:51;0.2
28.04.2019 00:11;0.2
29.04.2019 06:41;0.2
29.04.2019 07:02;0.2
29.04.2019 07:23;0.2
29.04.2019 07:39;0.2
29.04.2019 07:46;0.2
29.04.2019 07:51;0.2
29.04.2019 08:02;0.2
29.04.2019 08:06;0.2
29.04.2019 08:16;0.2
29.04.2019 08:22;0.2
29.04.2019 08:40;0.2
29.04.2019 08:59;0.2
29.04.2019 09:05;0.2
29.04.2019 09:07;0.2
29.04.2019 09:11;0.2
29.04.2019 09:12;0.2
29.04.2019 09:15;0.2
29.04.2019 09:16;0.2
29.04.2019 09:18;0.2
29.04.2019 09:19;0.2
29.04.2019 09:22;0.2
29.04.2019 09:25;0.2
29.04.2019 09:28;0.2
29.04.2019 09:31;0.2
29.04.2019 09:33;0.2
29.04.2019 09:35;0.2
29.04.2019 09:37;0.2
29.04.2019 09:41;0.2
29.04.2019 09:45;0.2
29.04.2019 09:55;0.2
29.04.2019 10:31;0.2
29.04.2019 10:35;0.2
29.04.2019 10:38;0.2
29.04.2019 10:43;0.2
29.04.2019 10:49;0.2
29.04.2019 10:51;0.2
29.04.2019 10:53;0.2
29.04.2019 10:55;0.2
29.04.2019 10:55;0.2
29.04.2019 10:56;0.2
29.04.2019 10:57;0.2
29.04.2019 10:58;0.2
29.04.2019 11:00;0.2
29.04.2019 11:01;0.2
29.04.2019 11:03;0.2
29.04.2019 11:05;0.2
29.04.2019 11:06;0.2
29.04.2019 11:07;0.2
29.04.2019 11:09;0.2
29.04.2019 11:12;0.2
29.04.2019 11:15;0.2
29.04.2019 11:19;0.2
29.04.2019 11:23;0.2
29.04.2019 11:26;0.2
29.04.2019 11:31;0.2
29.04.2019 11:36;0.2
29.04.2019 11:46;0.2
29.04.2019 12:37;0.2
29.04.2019 14:07;0.2
29.04.2019 14:36;0.2
29.04.2019 15:54;0.2
29.04.2019 16:40;0.2
29.04.2019 20:25;0.2
29.04.2019 21:27;0.2
01.05.2019 05:20;0.2
01.05.2019 06:49;0.2
01.05.2019 07:22;0.2
01.05.2019 07:28;0.2
01.05.2019 08:15;0.2
01.05.2019 11:40;0.2
03.05.2019 04:57;0.2
03.05.2019 06:39;0.2
04.05.2019 05:23;0.2
04.05.2019 06:30;0.2
04.05.2019 07:18;0.2
04.05.2019 07:35;0.2
04.05.2019 07:50;0.2
04.05.2019 08:04;0.2
04.05.2019 08:19;0.2
04.05.2019 08:28;0.2
04.05.2019 08:35;0.2
04.05.2019 08:42;0.2
04.05.2019 08:49;0.2
04.05.2019 08:55;0.2
04.05.2019 09:01;0.2
04.05.2019 09:07;0.2
04.05.2019 09:12;0.2
04.05.2019 09:17;0.2
04.05.2019 09:23;0.2
04.05.2019 09:27;0.2
04.05.2019 09:31;0.2
04.05.2019 09:35;0.2
04.05.2019 09:38;0.2
04.05.2019 09:42;0.2
04.05.2019 09:47;0.2
04.05.2019 09:53;0.2
04.05.2019 10:00;0.2
04.05.2019 10:12;0.2
04.05.2019 10:23;0.2
04.05.2019 10:30;0.2
04.05.2019 10:38;0.2
04.05.2019 10:45;0.2
04.05.2019 10:53;0.2
04.05.2019 11:02;0.2
04.05.2019 11:10;0.2
04.05.2019 11:18;0.2
04.05.2019 11:28;0.2
04.05.2019 11:42;0.2
04.05.2019 11:54;0.2
04.05.2019 12:00;0.2
04.05.2019 12:07;0.2
04.05.2019 12:17;0.2
04.05.2019 12:29;0.2
04.05.2019 12:40;0.2
04.05.2019 12:52;0.2
04.05.2019 13:00;0.2
04.05.2019 13:10;0.2
04.05.2019 13:21;0.2
04.05.2019 13:34;0.2
04.05.2019 13:42;0.2
04.05.2019 13:50;0.2
04.05.2019 13:57;0.2
04.05.2019 14:05;0.2
04.05.2019 14:17;0.2
04.05.2019 14:26;0.2
04.05.2019 14:32;0.2
04.05.2019 17:05;0.2
