date;young
01.08.2018 00:00;0
02.08.2018 18:30;NaN
02.08.2018 18:40;NaN
02.08.2018 18:50;NaN
02.08.2018 19:00;NaN
02.08.2018 19:10;NaN
02.08.2018 19:20;NaN
02.08.2018 19:30;NaN
02.08.2018 19:40;NaN
05.08.2018 00:50;4.7
05.08.2018 01:00;0.6
05.08.2018 03:20;0.1
08.08.2018 15:00;1.1
08.08.2018 15:10;0.1
08.08.2018 15:30;0.3
08.08.2018 16:00;0.1
08.08.2018 16:10;0.2
09.08.2018 07:00;0.1
13.08.2018 20:40;0.1
13.08.2018 20:50;0.1
17.08.2018 23:20;0.4
17.08.2018 23:30;5
17.08.2018 23:40;3.4
17.08.2018 23:50;3.3
18.08.2018 00:00;4.4
18.08.2018 00:10;1.4
18.08.2018 00:20;1.3
18.08.2018 00:30;0.9
18.08.2018 00:40;0.2
18.08.2018 00:50;0.1
18.08.2018 02:40;0.2
18.08.2018 03:50;0.1
18.08.2018 04:50;0.2
18.08.2018 05:20;0.1
21.08.2018 07:00;0.2
21.08.2018 09:00;0.3
21.08.2018 09:10;0.1
23.08.2018 23:40;0.1
24.08.2018 00:20;0.1
24.08.2018 15:30;0.5
30.08.2018 06:50;0.3
30.08.2018 07:00;0.1
30.08.2018 07:10;0.1
30.08.2018 07:20;0.2
30.08.2018 07:30;0.1
30.08.2018 07:40;0.1
30.08.2018 07:50;0.2
30.08.2018 08:00;0.3
30.08.2018 08:10;0.1
30.08.2018 09:00;2.6
30.08.2018 09:10;3.2
30.08.2018 09:20;0.9
30.08.2018 09:30;0.6
30.08.2018 09:40;0.4
30.08.2018 09:50;0.3
30.08.2018 10:00;0.1
30.08.2018 10:20;0.1
30.08.2018 10:30;0.2
30.08.2018 10:40;0.3
30.08.2018 10:50;0.1
30.08.2018 11:00;0.3
30.08.2018 11:20;0.1
30.08.2018 11:40;0.1
30.08.2018 11:50;0.2
30.08.2018 13:50;0.1
30.08.2018 15:00;0.1
30.08.2018 15:20;0.4
30.08.2018 15:30;0.1
30.08.2018 16:00;0.1
30.08.2018 20:10;0.4
30.08.2018 20:20;0.8
30.08.2018 20:30;0.1
30.08.2018 20:50;0.2
30.08.2018 21:50;0.1
30.08.2018 22:00;0.1
30.08.2018 22:10;0.2
31.08.2018 02:50;0.1
31.08.2018 11:00;0.2
01.09.2018 19:20;0.1
01.09.2018 19:30;0.2
01.09.2018 19:40;0.2
01.09.2018 19:50;0.1
01.09.2018 20:10;0.1
01.09.2018 20:20;0.1
01.09.2018 20:30;0.1
01.09.2018 20:40;0.2
01.09.2018 20:50;0.2
01.09.2018 21:00;0.1
01.09.2018 21:10;0.1
01.09.2018 21:20;0.1
01.09.2018 21:30;0.2
01.09.2018 21:40;0.1
01.09.2018 22:20;0.1
01.09.2018 22:30;0.5
01.09.2018 22:40;0.2
01.09.2018 22:50;0.3
01.09.2018 23:00;0.1
01.09.2018 23:10;0.2
01.09.2018 23:30;0.2
01.09.2018 23:50;0.1
02.09.2018 00:20;0.1
02.09.2018 00:30;0.1
02.09.2018 01:00;0.2
02.09.2018 03:10;0.1
02.09.2018 04:40;0.3
02.09.2018 04:50;0.8
02.09.2018 05:00;0.3
02.09.2018 05:10;0.2
02.09.2018 05:20;0.2
02.09.2018 05:30;0.2
02.09.2018 05:40;0.1
02.09.2018 05:50;0.1
02.09.2018 06:00;0.1
02.09.2018 06:20;0.2
02.09.2018 06:30;0.5
02.09.2018 06:40;0.1
02.09.2018 06:50;0.2
02.09.2018 07:10;0.1
02.09.2018 07:20;0.2
02.09.2018 07:40;0.4
02.09.2018 07:50;0.3
02.09.2018 21:10;0.3
02.09.2018 21:20;0.2
03.09.2018 07:10;0.1
03.09.2018 12:40;0.1
07.09.2018 07:10;0.1
07.09.2018 07:40;0.1
07.09.2018 08:30;0.3
07.09.2018 08:40;0.1
07.09.2018 08:50;0.2
07.09.2018 11:40;3.3
07.09.2018 11:50;2
07.09.2018 20:00;0.1
07.09.2018 20:10;0.5
07.09.2018 20:20;0.1
07.09.2018 21:40;0.1
07.09.2018 22:10;0.1
08.09.2018 02:20;0.1
08.09.2018 07:20;0.1
13.09.2018 13:10;0.3
13.09.2018 13:20;0.2
13.09.2018 13:30;1.4
13.09.2018 13:40;0.3
13.09.2018 13:50;0.1
13.09.2018 14:00;0.1
14.09.2018 00:20;0.1
14.09.2018 05:20;0.1
14.09.2018 06:00;0.1
14.09.2018 06:30;0.1
14.09.2018 06:50;0.1
14.09.2018 07:20;0.1
14.09.2018 09:10;0.1
21.09.2018 16:30;0.1
21.09.2018 17:50;0.2
21.09.2018 18:00;0.3
21.09.2018 18:10;0.1
21.09.2018 19:30;0.4
21.09.2018 19:40;0.1
21.09.2018 23:10;0.1
22.09.2018 23:50;0.1
23.09.2018 09:10;0.1
23.09.2018 12:10;0.2
23.09.2018 12:30;0.1
23.09.2018 12:50;0.1
23.09.2018 14:00;0.1
23.09.2018 14:20;0.1
23.09.2018 14:30;0.2
23.09.2018 14:40;0.9
23.09.2018 14:50;0.7
23.09.2018 15:00;0.7
23.09.2018 15:10;0.1
23.09.2018 16:50;0.1
23.09.2018 17:00;0.2
23.09.2018 17:10;1.2
23.09.2018 17:20;3.3
23.09.2018 17:30;7.3
23.09.2018 17:40;1.4
23.09.2018 17:50;0.6
23.09.2018 18:00;0.8
23.09.2018 18:10;0.7
23.09.2018 18:20;0.7
23.09.2018 18:30;0.2
23.09.2018 18:40;0.1
23.09.2018 19:10;0.3
23.09.2018 19:20;0.4
23.09.2018 19:30;0.2
23.09.2018 19:40;0.1
23.09.2018 19:50;0.1
23.09.2018 20:00;0.1
23.09.2018 20:10;0.2
23.09.2018 20:20;0.3
23.09.2018 20:30;0.3
23.09.2018 20:40;0.5
23.09.2018 20:50;0.3
23.09.2018 21:00;0.4
23.09.2018 21:10;0.2
23.09.2018 21:20;0.1
23.09.2018 21:40;0.2
23.09.2018 22:00;0.4
23.09.2018 22:10;0.2
23.09.2018 22:20;0.1
23.09.2018 22:30;0.2
23.09.2018 22:40;0.2
23.09.2018 22:50;0.1
23.09.2018 23:00;0.1
23.09.2018 23:10;0.1
23.09.2018 23:20;0.1
23.09.2018 23:30;0.1
23.09.2018 23:40;0.1
23.09.2018 23:50;0.2
24.09.2018 00:00;0.2
24.09.2018 00:10;0.1
24.09.2018 00:20;0.1
24.09.2018 02:00;0.1
24.09.2018 06:50;0.1
24.09.2018 10:30;0.1
26.09.2018 07:20;0.1
28.09.2018 06:00;0.1
28.09.2018 11:40;0.1
28.09.2018 12:10;0.1
28.09.2018 12:20;0.1
28.09.2018 12:30;0.1
28.09.2018 12:50;0.1
28.09.2018 13:00;0.1
28.09.2018 13:10;0.2
28.09.2018 13:20;0.1
29.09.2018 09:10;0.1
29.09.2018 09:40;0.1
30.09.2018 09:00;0.1
01.10.2018 16:10;0.1
01.10.2018 16:30;0.1
01.10.2018 16:50;0.1
01.10.2018 17:50;0.1
02.10.2018 04:00;0.1
02.10.2018 04:20;0.3
02.10.2018 04:30;0.1
02.10.2018 04:50;0.1
02.10.2018 06:00;0.1
02.10.2018 06:10;0.1
02.10.2018 06:20;0.1
02.10.2018 07:10;0.2
02.10.2018 13:30;0.1
03.10.2018 12:50;0.1
03.10.2018 13:30;0.1
10.10.2018 02:30;0.1
10.10.2018 13:50;0.1
11.10.2018 08:20;0.1
14.10.2018 07:20;0.1
18.10.2018 07:30;0.1
19.10.2018 00:20;0.1
19.10.2018 01:50;0.1
19.10.2018 02:20;0.1
19.10.2018 02:40;0.1
19.10.2018 03:50;0.1
19.10.2018 06:10;0.1
19.10.2018 07:10;0.1
19.10.2018 08:20;0.1
22.10.2018 08:30;0.1
22.10.2018 14:50;0.1
22.10.2018 15:10;0.1
22.10.2018 15:20;0.1
22.10.2018 15:30;0.2
22.10.2018 15:40;0.2
22.10.2018 15:50;0.1
22.10.2018 16:20;0.1
22.10.2018 16:40;0.1
22.10.2018 16:50;0.1
23.10.2018 00:50;0.1
23.10.2018 07:40;0.1
23.10.2018 12:30;0.3
23.10.2018 12:40;0.2
23.10.2018 12:50;0.1
23.10.2018 18:20;0.1
23.10.2018 19:40;0.1
23.10.2018 20:00;0.1
23.10.2018 20:10;0.1
23.10.2018 20:20;0.1
23.10.2018 20:30;0.1
23.10.2018 20:50;0.2
23.10.2018 21:00;0.1
23.10.2018 21:10;0.1
23.10.2018 21:20;0.1
23.10.2018 21:40;0.1
23.10.2018 21:50;0.1
23.10.2018 22:00;0.1
23.10.2018 22:20;0.1
23.10.2018 22:30;0.1
23.10.2018 22:40;0.1
23.10.2018 23:00;0.1
23.10.2018 23:10;0.1
23.10.2018 23:20;0.1
23.10.2018 23:30;0.1
23.10.2018 23:40;0.3
23.10.2018 23:50;0.3
24.10.2018 00:00;0.2
24.10.2018 00:10;0.2
24.10.2018 00:20;0.1
24.10.2018 00:30;0.1
24.10.2018 00:40;0.1
24.10.2018 00:50;0.2
24.10.2018 01:00;0.1
24.10.2018 01:10;0.1
24.10.2018 01:20;0.3
24.10.2018 01:30;0.1
24.10.2018 01:40;0.1
24.10.2018 01:50;0.1
24.10.2018 02:00;0.1
24.10.2018 02:10;0.1
24.10.2018 02:30;0.1
24.10.2018 02:40;0.2
24.10.2018 02:50;0.3
24.10.2018 03:00;0.2
24.10.2018 03:10;0.6
24.10.2018 03:20;0.6
24.10.2018 03:30;0.7
24.10.2018 03:40;1.9
24.10.2018 03:50;0.8
24.10.2018 04:00;0.9
24.10.2018 04:10;0.2
24.10.2018 04:20;0.5
24.10.2018 04:30;0.7
24.10.2018 04:40;0.9
24.10.2018 04:50;1.2
24.10.2018 05:00;0.8
24.10.2018 05:10;0.4
24.10.2018 05:30;0.1
24.10.2018 05:40;0.2
24.10.2018 05:50;0.4
24.10.2018 06:00;0.5
24.10.2018 06:10;0.2
24.10.2018 06:40;0.1
24.10.2018 07:10;0.2
24.10.2018 07:20;0.2
24.10.2018 07:40;0.3
24.10.2018 07:50;0.1
24.10.2018 08:00;0.1
24.10.2018 08:10;0.1
24.10.2018 08:20;0.1
24.10.2018 08:30;0.1
24.10.2018 08:40;0.1
24.10.2018 08:50;0.1
24.10.2018 09:00;0.1
24.10.2018 09:20;0.1
24.10.2018 23:30;0.1
25.10.2018 00:00;0.1
25.10.2018 00:10;0.1
25.10.2018 00:30;0.1
25.10.2018 00:40;0.1
25.10.2018 01:00;0.1
25.10.2018 01:30;0.1
25.10.2018 01:50;0.1
25.10.2018 02:00;0.1
25.10.2018 02:20;0.1
25.10.2018 02:40;0.1
25.10.2018 04:30;0.1
25.10.2018 06:30;0.1
25.10.2018 18:10;0.1
26.10.2018 04:10;0.1
28.10.2018 13:30;NaN
28.10.2018 13:40;NaN
28.10.2018 13:50;NaN
28.10.2018 14:00;NaN
28.10.2018 14:10;NaN
28.10.2018 14:20;NaN
28.10.2018 14:30;NaN
28.10.2018 14:40;NaN
28.10.2018 14:50;NaN
28.10.2018 15:00;NaN
28.10.2018 15:10;NaN
28.10.2018 15:20;NaN
28.10.2018 15:30;NaN
28.10.2018 15:40;NaN
28.10.2018 15:50;NaN
28.10.2018 16:00;NaN
28.10.2018 16:10;NaN
28.10.2018 16:20;NaN
28.10.2018 16:30;NaN
28.10.2018 16:40;NaN
28.10.2018 16:50;NaN
28.10.2018 17:00;NaN
28.10.2018 17:10;NaN
28.10.2018 17:20;NaN
28.10.2018 17:30;NaN
28.10.2018 17:40;NaN
28.10.2018 17:50;NaN
28.10.2018 18:00;NaN
28.10.2018 18:10;NaN
28.10.2018 18:20;NaN
28.10.2018 18:30;NaN
28.10.2018 18:40;NaN
28.10.2018 18:50;NaN
28.10.2018 19:00;NaN
28.10.2018 19:10;NaN
28.10.2018 19:20;NaN
28.10.2018 19:30;NaN
28.10.2018 19:40;NaN
28.10.2018 19:50;NaN
28.10.2018 20:00;NaN
28.10.2018 20:10;NaN
28.10.2018 20:20;NaN
28.10.2018 20:30;NaN
28.10.2018 20:40;NaN
28.10.2018 20:50;NaN
28.10.2018 21:00;NaN
28.10.2018 21:10;NaN
28.10.2018 21:20;NaN
28.10.2018 21:30;NaN
28.10.2018 21:40;NaN
28.10.2018 21:50;NaN
28.10.2018 22:00;NaN
28.10.2018 22:10;NaN
28.10.2018 22:20;NaN
28.10.2018 22:30;NaN
28.10.2018 22:40;NaN
28.10.2018 22:50;NaN
28.10.2018 23:00;NaN
28.10.2018 23:10;NaN
28.10.2018 23:20;NaN
28.10.2018 23:30;NaN
28.10.2018 23:40;NaN
28.10.2018 23:50;NaN
29.10.2018 00:00;NaN
29.10.2018 00:10;NaN
29.10.2018 00:20;NaN
29.10.2018 00:30;NaN
29.10.2018 00:40;NaN
29.10.2018 00:50;NaN
29.10.2018 01:00;NaN
29.10.2018 01:10;NaN
29.10.2018 01:20;NaN
29.10.2018 01:30;NaN
29.10.2018 01:40;NaN
29.10.2018 01:50;NaN
29.10.2018 02:00;NaN
29.10.2018 02:10;NaN
29.10.2018 02:20;NaN
29.10.2018 02:30;NaN
29.10.2018 02:40;NaN
29.10.2018 02:50;NaN
29.10.2018 03:00;NaN
29.10.2018 03:10;NaN
29.10.2018 03:20;NaN
29.10.2018 03:30;NaN
29.10.2018 03:40;NaN
29.10.2018 03:50;NaN
29.10.2018 04:00;NaN
29.10.2018 04:10;NaN
29.10.2018 04:20;NaN
29.10.2018 04:30;NaN
29.10.2018 04:40;NaN
29.10.2018 04:50;NaN
29.10.2018 05:00;NaN
29.10.2018 05:10;NaN
29.10.2018 05:20;NaN
29.10.2018 05:30;NaN
29.10.2018 05:40;NaN
29.10.2018 05:50;NaN
29.10.2018 06:00;NaN
29.10.2018 06:10;NaN
29.10.2018 06:20;NaN
29.10.2018 06:30;NaN
29.10.2018 06:40;NaN
29.10.2018 06:50;NaN
29.10.2018 07:00;NaN
29.10.2018 07:10;NaN
29.10.2018 07:20;NaN
29.10.2018 07:30;NaN
29.10.2018 07:40;NaN
29.10.2018 07:50;NaN
29.10.2018 08:00;NaN
29.10.2018 08:10;NaN
29.10.2018 08:20;NaN
29.10.2018 08:30;NaN
29.10.2018 08:40;NaN
29.10.2018 08:50;NaN
29.10.2018 09:00;NaN
29.10.2018 09:10;NaN
29.10.2018 09:20;NaN
29.10.2018 09:30;NaN
29.10.2018 09:40;NaN
29.10.2018 09:50;NaN
29.10.2018 10:00;NaN
29.10.2018 10:10;NaN
29.10.2018 10:20;NaN
29.10.2018 10:30;NaN
29.10.2018 10:40;NaN
29.10.2018 10:50;NaN
29.10.2018 11:00;NaN
29.10.2018 11:10;NaN
29.10.2018 11:20;NaN
29.10.2018 11:30;NaN
29.10.2018 11:40;NaN
29.10.2018 11:50;NaN
29.10.2018 12:00;NaN
29.10.2018 12:10;NaN
29.10.2018 12:20;NaN
29.10.2018 12:30;NaN
29.10.2018 12:40;NaN
29.10.2018 12:50;NaN
29.10.2018 13:00;NaN
29.10.2018 13:10;NaN
29.10.2018 13:20;NaN
29.10.2018 13:30;NaN
29.10.2018 13:40;NaN
29.10.2018 13:50;NaN
29.10.2018 14:00;NaN
29.10.2018 14:10;NaN
29.10.2018 14:20;NaN
29.10.2018 14:30;NaN
29.10.2018 14:40;NaN
29.10.2018 14:50;NaN
29.10.2018 15:00;NaN
29.10.2018 15:10;NaN
29.10.2018 15:20;NaN
29.10.2018 15:30;NaN
29.10.2018 15:40;NaN
29.10.2018 15:50;NaN
29.10.2018 16:00;NaN
29.10.2018 16:10;NaN
29.10.2018 16:20;NaN
29.10.2018 16:30;NaN
29.10.2018 16:40;NaN
29.10.2018 16:50;NaN
29.10.2018 17:00;NaN
29.10.2018 17:10;NaN
29.10.2018 17:20;NaN
09.11.2018 14:00;0.1
10.11.2018 13:00;0.1
13.11.2018 10:50;0.1
13.11.2018 11:10;0.1
13.11.2018 11:20;0.2
13.11.2018 11:30;0.2
13.11.2018 11:40;0.2
13.11.2018 11:50;0.1
13.11.2018 12:30;0.1
13.11.2018 14:10;0.2
13.11.2018 14:20;0.2
13.11.2018 14:30;0.2
13.11.2018 14:40;0.1
13.11.2018 18:00;0.1
13.11.2018 19:50;0.1
13.11.2018 20:00;0.5
13.11.2018 20:10;0.5
13.11.2018 20:20;0.4
13.11.2018 20:30;0.4
13.11.2018 23:50;0.1
14.11.2018 04:30;0.1
15.11.2018 10:10;0.2
16.11.2018 11:10;0.2
17.11.2018 11:10;0.1
18.11.2018 11:40;0.1
18.11.2018 13:50;0.1
18.11.2018 23:40;NaN
18.11.2018 23:50;NaN
19.11.2018 00:00;NaN
19.11.2018 00:10;NaN
19.11.2018 00:20;NaN
19.11.2018 00:30;NaN
19.11.2018 00:40;NaN
19.11.2018 00:50;NaN
19.11.2018 01:00;NaN
19.11.2018 01:10;NaN
19.11.2018 01:20;NaN
19.11.2018 01:30;NaN
19.11.2018 01:40;NaN
19.11.2018 01:50;NaN
19.11.2018 02:00;NaN
19.11.2018 02:10;NaN
19.11.2018 02:20;NaN
19.11.2018 02:30;NaN
19.11.2018 02:40;NaN
19.11.2018 02:50;NaN
19.11.2018 03:00;NaN
19.11.2018 03:10;NaN
19.11.2018 03:20;NaN
19.11.2018 03:30;NaN
19.11.2018 03:40;NaN
19.11.2018 03:50;NaN
19.11.2018 04:00;NaN
19.11.2018 04:10;NaN
19.11.2018 04:20;NaN
19.11.2018 04:30;NaN
19.11.2018 04:40;NaN
19.11.2018 04:50;NaN
30.11.2018 14:30;0.2
30.11.2018 14:40;0.2
30.11.2018 14:50;0.2
30.11.2018 15:00;0.2
30.11.2018 15:10;0.2
30.11.2018 15:20;0.1
30.11.2018 15:30;0.1
30.11.2018 15:40;0.1
30.11.2018 15:50;0.1
30.11.2018 16:00;0.1
30.11.2018 16:10;0.1
30.11.2018 16:20;0.2
30.11.2018 16:30;0.2
30.11.2018 16:40;0.2
30.11.2018 16:50;0.2
30.11.2018 17:00;0.1
30.11.2018 17:10;0.2
30.11.2018 17:20;0.1
30.11.2018 17:40;0.1
30.11.2018 18:10;0.1
30.11.2018 18:30;0.1
30.11.2018 18:40;0.1
30.11.2018 19:00;0.1
30.11.2018 19:10;0.1
30.11.2018 19:20;0.1
30.11.2018 19:30;0.1
30.11.2018 19:40;0.1
30.11.2018 19:50;0.1
30.11.2018 20:00;0.1
30.11.2018 20:10;0.1
30.11.2018 20:20;0.1
30.11.2018 20:40;0.1
30.11.2018 20:50;0.2
30.11.2018 21:00;0.1
30.11.2018 21:20;0.1
30.11.2018 21:40;0.1
30.11.2018 21:50;0.1
30.11.2018 22:10;0.1
30.11.2018 22:20;0.1
30.11.2018 22:40;0.1
30.11.2018 22:50;0.1
30.11.2018 23:10;0.1
30.11.2018 23:30;0.1
30.11.2018 23:40;0.1
01.12.2018 00:00;0.1
01.12.2018 00:10;0.1
01.12.2018 00:20;0.1
01.12.2018 00:30;0.2
01.12.2018 00:40;0.1
01.12.2018 00:50;0.1
01.12.2018 01:00;0.1
01.12.2018 01:20;0.1
02.12.2018 12:20;0.1
02.12.2018 12:30;0.2
02.12.2018 13:00;0.1
02.12.2018 16:10;0.1
02.12.2018 16:30;0.1
02.12.2018 16:40;0.1
02.12.2018 16:50;0.1
02.12.2018 17:00;0.2
02.12.2018 17:10;0.1
02.12.2018 17:20;0.2
02.12.2018 17:30;0.1
02.12.2018 17:40;0.2
02.12.2018 17:50;0.2
02.12.2018 18:00;0.2
02.12.2018 18:10;0.1
02.12.2018 18:20;0.1
02.12.2018 18:30;0.1
02.12.2018 19:50;0.4
02.12.2018 20:00;0.2
02.12.2018 20:50;0.2
02.12.2018 21:10;0.1
02.12.2018 22:20;0.1
03.12.2018 02:20;0.1
03.12.2018 05:30;0.1
03.12.2018 05:40;0.2
03.12.2018 05:50;0.1
03.12.2018 06:10;0.1
03.12.2018 06:20;0.1
03.12.2018 06:30;0.1
03.12.2018 07:20;0.1
03.12.2018 07:40;0.2
03.12.2018 07:50;0.1
03.12.2018 11:00;0.1
03.12.2018 15:30;0.1
03.12.2018 15:40;0.1
04.12.2018 03:40;0.2
04.12.2018 04:00;0.3
04.12.2018 04:10;0.1
04.12.2018 04:30;0.1
04.12.2018 05:10;0.1
04.12.2018 05:30;0.1
04.12.2018 06:00;0.2
04.12.2018 06:10;0.2
04.12.2018 06:50;0.1
04.12.2018 10:20;0.1
04.12.2018 10:30;0.1
04.12.2018 15:30;0.8
06.12.2018 15:20;0.1
07.12.2018 09:50;0.1
07.12.2018 11:10;0.1
07.12.2018 11:30;0.2
07.12.2018 11:40;0.1
07.12.2018 11:50;0.1
07.12.2018 13:00;0.1
07.12.2018 14:20;0.1
07.12.2018 18:30;0.1
07.12.2018 18:40;0.2
07.12.2018 18:50;0.3
07.12.2018 19:00;0.3
07.12.2018 19:10;0.2
07.12.2018 19:20;0.1
07.12.2018 19:30;0.1
07.12.2018 19:40;0.1
07.12.2018 19:50;0.1
08.12.2018 01:20;0.2
08.12.2018 01:30;0.2
08.12.2018 16:00;0.1
08.12.2018 16:10;0.2
08.12.2018 16:20;0.1
08.12.2018 16:30;0.1
09.12.2018 01:00;0.5
09.12.2018 01:10;0.2
09.12.2018 02:10;0.1
09.12.2018 05:30;0.1
09.12.2018 05:50;0.1
09.12.2018 06:00;0.1
09.12.2018 06:30;0.1
09.12.2018 06:40;0.3
09.12.2018 06:50;0.1
09.12.2018 07:20;0.1
09.12.2018 07:30;0.1
09.12.2018 07:40;0.1
09.12.2018 07:50;0.1
09.12.2018 09:10;0.1
09.12.2018 09:20;0.2
09.12.2018 09:30;0.2
09.12.2018 09:40;0.3
09.12.2018 09:50;0.4
09.12.2018 10:10;0.1
09.12.2018 11:40;0.1
09.12.2018 12:20;0.1
09.12.2018 13:00;0.1
09.12.2018 13:30;0.1
09.12.2018 13:40;0.1
09.12.2018 13:50;0.1
09.12.2018 20:10;0.2
09.12.2018 23:20;0.1
10.12.2018 05:00;0.1
10.12.2018 05:30;0.1
10.12.2018 05:40;0.1
10.12.2018 05:50;0.1
10.12.2018 06:00;0.1
10.12.2018 06:10;0.1
10.12.2018 06:20;0.2
10.12.2018 07:20;0.1
10.12.2018 07:50;0.2
10.12.2018 08:00;0.5
10.12.2018 08:10;0.1
10.12.2018 10:40;0.2
10.12.2018 13:50;0.1
10.12.2018 17:20;0.2
10.12.2018 19:40;0.1
10.12.2018 20:00;0.1
10.12.2018 21:20;0.1
10.12.2018 21:30;0.1
11.12.2018 00:00;0.1
11.12.2018 00:20;0.1
11.12.2018 00:30;0.2
11.12.2018 00:40;0.1
11.12.2018 01:50;0.1
11.12.2018 05:20;0.1
11.12.2018 05:40;0.1
11.12.2018 06:40;0.1
11.12.2018 07:20;0.1
11.12.2018 07:50;0.2
11.12.2018 08:00;0.4
11.12.2018 08:10;0.4
11.12.2018 08:20;0.4
11.12.2018 08:30;0.4
11.12.2018 08:40;0.4
11.12.2018 08:50;0.3
11.12.2018 09:00;0.3
11.12.2018 09:10;0.3
11.12.2018 09:20;0.3
11.12.2018 09:30;0.1
11.12.2018 09:40;0.2
11.12.2018 09:50;0.2
11.12.2018 10:00;0.2
11.12.2018 10:10;0.2
11.12.2018 10:20;0.1
11.12.2018 10:30;0.2
11.12.2018 10:40;0.2
11.12.2018 10:50;0.3
11.12.2018 11:00;0.2
11.12.2018 11:10;0.1
11.12.2018 11:20;0.2
11.12.2018 11:50;0.1
11.12.2018 13:00;0.1
11.12.2018 13:20;0.1
11.12.2018 13:30;0.2
11.12.2018 14:00;0.1
11.12.2018 14:50;0.1
11.12.2018 15:50;0.1
11.12.2018 16:00;0.1
11.12.2018 16:10;0.1
11.12.2018 16:20;0.1
11.12.2018 16:50;0.1
11.12.2018 17:00;0.1
11.12.2018 17:20;0.1
11.12.2018 17:30;0.2
11.12.2018 17:40;0.1
11.12.2018 17:50;0.2
11.12.2018 18:00;0.1
11.12.2018 18:10;0.4
11.12.2018 18:20;0.3
11.12.2018 18:30;0.2
11.12.2018 18:40;0.2
11.12.2018 18:50;0.3
11.12.2018 19:00;0.1
11.12.2018 19:10;0.2
11.12.2018 19:20;0.1
11.12.2018 19:30;0.2
11.12.2018 19:40;0.1
11.12.2018 19:50;0.2
11.12.2018 20:10;0.1
11.12.2018 20:20;0.1
11.12.2018 20:30;0.2
11.12.2018 20:50;0.1
11.12.2018 21:20;0.1
11.12.2018 21:30;0.1
11.12.2018 21:40;0.1
11.12.2018 21:50;0.1
11.12.2018 22:00;0.1
11.12.2018 22:10;0.1
11.12.2018 22:20;0.1
11.12.2018 22:30;0.1
11.12.2018 22:40;0.2
11.12.2018 22:50;0.1
11.12.2018 23:00;0.4
11.12.2018 23:10;0.4
11.12.2018 23:20;0.2
11.12.2018 23:30;0.1
12.12.2018 03:10;0.2
12.12.2018 03:20;0.2
12.12.2018 04:30;0.2
12.12.2018 04:40;0.1
12.12.2018 05:00;0.1
12.12.2018 07:20;0.1
12.12.2018 07:30;0.1
12.12.2018 09:20;0.1
12.12.2018 09:30;0.1
13.12.2018 07:30;0.1
19.12.2018 20:50;0.1
19.12.2018 21:10;0.1
19.12.2018 23:40;0.3
19.12.2018 23:50;0.1
20.12.2018 00:20;0.1
20.12.2018 01:30;0.1
20.12.2018 01:50;0.1
20.12.2018 02:00;0.1
20.12.2018 02:10;0.1
20.12.2018 02:20;0.1
20.12.2018 02:30;0.1
20.12.2018 02:40;0.1
20.12.2018 02:50;0.3
20.12.2018 03:00;0.3
20.12.2018 03:10;0.2
20.12.2018 03:20;0.2
20.12.2018 03:40;0.1
20.12.2018 03:50;0.1
20.12.2018 04:10;0.2
20.12.2018 04:20;0.1
20.12.2018 04:30;0.1
20.12.2018 04:40;0.1
20.12.2018 04:50;0.1
20.12.2018 05:00;0.1
20.12.2018 05:10;0.1
20.12.2018 05:20;0.1
20.12.2018 05:40;0.1
20.12.2018 05:50;0.1
20.12.2018 09:10;0.1
20.12.2018 09:50;0.1
20.12.2018 17:10;0.1
20.12.2018 18:00;0.1
20.12.2018 19:50;0.1
21.12.2018 03:50;0.1
21.12.2018 05:40;0.1
21.12.2018 11:10;0.2
21.12.2018 11:20;0.2
21.12.2018 11:30;0.2
21.12.2018 12:40;0.2
21.12.2018 12:50;0.3
21.12.2018 13:00;0.2
21.12.2018 13:10;0.4
21.12.2018 13:20;0.3
21.12.2018 13:30;0.5
21.12.2018 13:40;0.4
21.12.2018 13:50;0.4
21.12.2018 14:00;0.5
21.12.2018 14:10;0.4
21.12.2018 14:20;0.2
21.12.2018 14:40;0.1
21.12.2018 15:20;0.2
21.12.2018 16:40;0.1
21.12.2018 22:20;0.2
22.12.2018 01:10;0.1
22.12.2018 01:40;0.1
22.12.2018 02:10;0.1
22.12.2018 05:00;0.1
22.12.2018 05:10;0.1
22.12.2018 06:10;0.1
22.12.2018 06:20;0.1
22.12.2018 06:40;0.1
22.12.2018 06:50;0.1
22.12.2018 07:00;0.3
22.12.2018 07:10;0.4
22.12.2018 07:20;0.2
22.12.2018 07:30;0.1
22.12.2018 07:40;0.1
22.12.2018 08:00;0.2
22.12.2018 08:10;0.2
22.12.2018 08:20;0.1
22.12.2018 08:30;0.2
22.12.2018 08:40;0.1
22.12.2018 08:50;0.2
22.12.2018 09:00;0.3
22.12.2018 09:10;0.1
22.12.2018 09:20;0.1
22.12.2018 09:30;0.1
22.12.2018 09:40;0.4
22.12.2018 09:50;0.1
22.12.2018 10:00;0.1
22.12.2018 10:10;0.2
22.12.2018 10:40;0.1
22.12.2018 11:50;0.2
22.12.2018 12:00;0.9
22.12.2018 12:10;0.5
22.12.2018 12:40;0.1
22.12.2018 12:50;0.5
22.12.2018 13:00;0.7
22.12.2018 13:10;0.1
22.12.2018 13:40;0.1
22.12.2018 13:50;0.2
22.12.2018 14:00;0.2
22.12.2018 14:10;0.2
22.12.2018 14:20;0.3
22.12.2018 14:30;0.1
22.12.2018 14:40;0.1
22.12.2018 14:50;0.1
22.12.2018 15:00;0.2
22.12.2018 17:10;0.1
22.12.2018 17:30;0.1
22.12.2018 17:50;0.1
22.12.2018 18:00;0.1
22.12.2018 18:10;0.2
22.12.2018 19:40;0.1
22.12.2018 19:50;0.5
22.12.2018 20:00;0.6
22.12.2018 20:10;0.2
22.12.2018 20:20;0.2
22.12.2018 20:30;0.1
22.12.2018 20:40;0.1
22.12.2018 22:00;0.2
22.12.2018 22:20;0.1
22.12.2018 22:30;0.1
22.12.2018 22:40;0.1
23.12.2018 09:40;0.3
23.12.2018 16:20;0.1
23.12.2018 16:30;0.1
23.12.2018 16:50;0.1
23.12.2018 18:20;0.1
23.12.2018 18:40;0.1
23.12.2018 18:50;0.2
23.12.2018 19:00;0.1
23.12.2018 19:10;0.2
23.12.2018 19:20;0.2
23.12.2018 19:30;0.1
23.12.2018 19:50;0.1
23.12.2018 20:00;0.1
23.12.2018 20:10;0.1
23.12.2018 20:20;0.1
23.12.2018 20:30;0.2
23.12.2018 20:40;0.1
23.12.2018 20:50;0.2
23.12.2018 21:00;0.2
23.12.2018 21:10;0.1
23.12.2018 21:20;0.2
23.12.2018 21:30;0.1
23.12.2018 21:40;0.2
23.12.2018 21:50;0.3
23.12.2018 22:00;0.3
23.12.2018 22:10;0.3
23.12.2018 22:20;0.3
23.12.2018 22:30;0.1
23.12.2018 22:40;0.2
23.12.2018 22:50;0.2
23.12.2018 23:00;0.2
23.12.2018 23:10;0.1
23.12.2018 23:20;0.2
23.12.2018 23:30;0.3
23.12.2018 23:40;0.2
23.12.2018 23:50;0.2
24.12.2018 00:00;0.3
24.12.2018 00:10;0.2
24.12.2018 00:20;0.3
24.12.2018 00:30;0.1
24.12.2018 00:40;0.2
24.12.2018 00:50;0.1
24.12.2018 01:00;0.2
24.12.2018 01:10;0.1
24.12.2018 01:20;0.1
24.12.2018 01:40;0.2
24.12.2018 01:50;0.1
24.12.2018 02:00;0.1
24.12.2018 02:10;0.2
24.12.2018 02:20;0.1
24.12.2018 02:30;0.1
24.12.2018 02:40;0.1
24.12.2018 02:50;0.1
24.12.2018 03:00;0.1
24.12.2018 03:10;0.2
24.12.2018 03:20;0.1
24.12.2018 03:30;0.1
24.12.2018 03:40;0.1
24.12.2018 03:50;0.1
24.12.2018 04:00;0.2
24.12.2018 04:10;0.1
24.12.2018 04:20;0.1
24.12.2018 04:30;0.3
24.12.2018 04:40;0.4
24.12.2018 04:50;0.2
24.12.2018 05:00;0.3
24.12.2018 05:10;0.2
24.12.2018 05:20;0.3
24.12.2018 05:30;0.4
24.12.2018 05:40;0.3
24.12.2018 05:50;0.4
24.12.2018 06:00;0.5
24.12.2018 06:10;0.4
24.12.2018 06:20;0.4
24.12.2018 06:30;0.2
24.12.2018 06:40;0.1
24.12.2018 06:50;0.1
24.12.2018 07:10;0.1
24.12.2018 09:50;0.1
24.12.2018 10:00;0.2
24.12.2018 10:30;0.1
24.12.2018 11:30;0.1
25.12.2018 03:00;0.1
25.12.2018 03:40;0.1
25.12.2018 05:10;0.1
25.12.2018 06:40;0.1
25.12.2018 15:10;0.1
26.12.2018 15:10;0.1
27.12.2018 04:30;0.1
28.12.2018 20:20;0.1
28.12.2018 21:20;0.1
28.12.2018 22:20;0.1
29.12.2018 01:30;0.1
29.12.2018 02:30;0.1
29.12.2018 07:10;0.1
29.12.2018 07:20;0.1
29.12.2018 07:30;0.1
29.12.2018 07:40;0.1
29.12.2018 12:50;0.1
29.12.2018 22:10;0.1
30.12.2018 00:40;0.2
30.12.2018 00:50;0.1
30.12.2018 03:20;0.1
30.12.2018 03:40;0.3
30.12.2018 04:10;0.2
30.12.2018 04:20;0.6
30.12.2018 04:30;0.3
30.12.2018 04:40;0.2
30.12.2018 04:50;0.2
30.12.2018 05:00;0.3
30.12.2018 05:10;0.2
30.12.2018 05:20;0.2
30.12.2018 05:30;0.3
30.12.2018 05:40;0.3
30.12.2018 05:50;0.2
30.12.2018 06:00;0.7
30.12.2018 06:10;0.3
30.12.2018 06:20;0.2
30.12.2018 06:30;0.1
30.12.2018 06:40;0.3
30.12.2018 06:50;0.5
30.12.2018 07:00;0.1
30.12.2018 07:50;0.3
30.12.2018 08:00;0.1
30.12.2018 08:10;0.1
30.12.2018 08:40;0.1
31.12.2018 22:20;0.1
31.12.2018 22:50;0.1
31.12.2018 23:10;0.1
31.12.2018 23:20;0.1
31.12.2018 23:50;0.1
01.01.2019 00:20;0.1
01.01.2019 00:40;0.1
01.01.2019 01:00;0.1
01.01.2019 13:10;0.1
01.01.2019 14:20;0.1
01.01.2019 14:30;0.2
01.01.2019 14:50;0.1
01.01.2019 15:00;0.2
01.01.2019 15:10;0.3
01.01.2019 15:20;0.1
01.01.2019 15:30;0.5
01.01.2019 15:40;0.7
01.01.2019 15:50;0.1
01.01.2019 18:50;0.1
01.01.2019 19:00;0.3
01.01.2019 19:10;0.2
01.01.2019 23:40;0.1
02.01.2019 08:40;0.1
02.01.2019 13:10;0.4
02.01.2019 13:20;0.4
02.01.2019 13:30;0.1
02.01.2019 13:40;0.1
02.01.2019 13:50;0.2
02.01.2019 14:00;0.1
02.01.2019 14:10;0.1
02.01.2019 14:20;0.1
02.01.2019 14:40;0.1
02.01.2019 14:50;0.1
02.01.2019 17:50;0.1
03.01.2019 12:10;0.1
03.01.2019 12:20;0.2
03.01.2019 12:30;0.1
03.01.2019 12:40;0.1
03.01.2019 13:10;0.1
04.01.2019 07:00;0.1
04.01.2019 07:50;0.1
04.01.2019 08:40;0.1
04.01.2019 15:20;0.1
04.01.2019 15:40;0.1
04.01.2019 16:00;0.1
04.01.2019 17:20;0.1
04.01.2019 19:40;0.1
04.01.2019 20:10;0.1
05.01.2019 01:30;0.1
05.01.2019 01:50;0.1
05.01.2019 02:10;0.1
05.01.2019 02:40;0.1
05.01.2019 02:50;0.1
05.01.2019 03:00;0.2
05.01.2019 03:20;0.1
05.01.2019 04:30;0.2
05.01.2019 04:40;0.5
05.01.2019 04:50;0.4
05.01.2019 05:00;0.2
05.01.2019 05:10;0.3
05.01.2019 05:20;0.2
05.01.2019 05:30;0.1
05.01.2019 05:40;0.2
05.01.2019 05:50;0.3
05.01.2019 06:00;0.3
05.01.2019 06:10;0.3
05.01.2019 06:20;0.1
05.01.2019 06:30;0.2
05.01.2019 06:40;0.1
05.01.2019 06:50;0.2
05.01.2019 07:00;0.1
05.01.2019 07:10;0.1
05.01.2019 07:20;0.2
05.01.2019 07:30;0.1
05.01.2019 07:40;0.1
05.01.2019 07:50;0.1
05.01.2019 08:00;0.1
05.01.2019 08:10;0.1
05.01.2019 08:20;0.1
05.01.2019 08:30;0.1
05.01.2019 09:00;0.1
05.01.2019 09:10;0.1
05.01.2019 09:20;0.1
05.01.2019 09:30;0.1
05.01.2019 09:40;0.2
05.01.2019 09:50;0.2
05.01.2019 10:00;0.1
05.01.2019 10:10;0.1
05.01.2019 10:20;0.1
05.01.2019 11:00;0.1
05.01.2019 11:30;0.1
05.01.2019 11:50;0.1
05.01.2019 12:10;0.1
05.01.2019 16:30;0.1
05.01.2019 16:40;0.4
05.01.2019 16:50;0.2
05.01.2019 17:00;0.1
05.01.2019 17:10;0.1
05.01.2019 18:00;0.1
05.01.2019 20:40;0.1
05.01.2019 20:50;0.1
05.01.2019 21:00;0.1
05.01.2019 21:20;0.1
05.01.2019 21:30;0.1
05.01.2019 21:40;0.2
05.01.2019 23:20;0.1
05.01.2019 23:30;0.1
07.01.2019 07:40;0.1
07.01.2019 09:00;0.1
07.01.2019 09:50;0.1
07.01.2019 10:50;0.1
07.01.2019 11:00;0.2
07.01.2019 11:30;0.2
07.01.2019 11:40;0.1
07.01.2019 12:10;0.1
07.01.2019 23:50;0.1
08.01.2019 00:00;0.1
08.01.2019 00:20;0.1
08.01.2019 00:30;0.1
08.01.2019 00:40;0.3
08.01.2019 01:00;0.1
08.01.2019 02:00;0.2
08.01.2019 02:10;0.2
08.01.2019 02:20;0.3
08.01.2019 02:30;0.2
08.01.2019 02:40;0.2
08.01.2019 02:50;0.2
08.01.2019 03:00;0.2
08.01.2019 03:20;0.1
08.01.2019 03:30;0.2
08.01.2019 03:40;0.2
08.01.2019 03:50;0.1
08.01.2019 04:10;0.3
08.01.2019 04:20;0.3
08.01.2019 04:30;0.2
08.01.2019 05:00;0.1
08.01.2019 05:20;0.1
08.01.2019 06:50;0.2
08.01.2019 09:50;0.1
08.01.2019 10:00;0.1
08.01.2019 11:00;0.1
08.01.2019 12:00;0.1
08.01.2019 13:00;0.3
08.01.2019 13:10;0.5
08.01.2019 13:20;0.4
08.01.2019 13:30;0.1
08.01.2019 13:40;0.1
08.01.2019 13:50;0.2
08.01.2019 14:00;0.5
08.01.2019 14:10;0.3
08.01.2019 14:20;0.1
08.01.2019 14:30;0.4
08.01.2019 14:40;0.2
08.01.2019 14:50;0.1
08.01.2019 15:50;0.1
08.01.2019 16:00;0.2
08.01.2019 16:10;0.3
08.01.2019 16:20;0.1
08.01.2019 17:20;0.1
08.01.2019 17:30;0.1
08.01.2019 17:40;0.2
08.01.2019 18:00;0.2
08.01.2019 18:10;0.1
08.01.2019 18:20;0.1
08.01.2019 18:50;0.3
08.01.2019 19:00;0.3
08.01.2019 19:10;0.3
08.01.2019 19:20;0.3
08.01.2019 19:30;0.3
08.01.2019 19:40;0.4
08.01.2019 19:50;0.5
08.01.2019 20:00;0.4
08.01.2019 20:10;0.3
08.01.2019 20:20;0.1
08.01.2019 20:30;0.4
08.01.2019 20:40;0.2
08.01.2019 20:50;1
08.01.2019 21:00;0.6
08.01.2019 21:10;0.6
08.01.2019 21:20;0.6
08.01.2019 21:30;0.6
08.01.2019 21:40;0.3
08.01.2019 21:50;0.2
08.01.2019 22:00;0.1
08.01.2019 22:10;0.1
08.01.2019 22:20;0.1
08.01.2019 22:30;0.1
08.01.2019 22:40;0.3
08.01.2019 22:50;0.1
08.01.2019 23:00;0.1
08.01.2019 23:10;0.2
08.01.2019 23:20;0.3
08.01.2019 23:30;0.1
08.01.2019 23:40;0.1
09.01.2019 00:00;0.1
09.01.2019 00:10;0.2
09.01.2019 00:20;0.1
09.01.2019 00:30;0.1
09.01.2019 01:20;0.1
09.01.2019 02:30;0.1
09.01.2019 02:40;0.1
09.01.2019 02:50;0.2
09.01.2019 03:00;0.1
09.01.2019 03:10;0.1
09.01.2019 03:20;0.1
09.01.2019 03:30;0.1
09.01.2019 03:40;0.3
09.01.2019 03:50;0.2
09.01.2019 04:00;0.3
09.01.2019 04:10;0.3
09.01.2019 04:20;0.2
09.01.2019 04:30;0.2
09.01.2019 04:40;0.2
09.01.2019 04:50;0.3
09.01.2019 05:00;0.1
09.01.2019 05:20;0.1
09.01.2019 05:30;0.1
09.01.2019 05:50;0.2
09.01.2019 06:00;0.4
09.01.2019 06:10;0.2
09.01.2019 06:20;0.3
09.01.2019 06:30;0.2
09.01.2019 06:40;0.1
09.01.2019 06:50;0.2
09.01.2019 07:00;0.2
09.01.2019 07:20;0.2
09.01.2019 07:30;0.1
09.01.2019 07:40;0.2
09.01.2019 07:50;0.1
09.01.2019 08:00;0.1
09.01.2019 08:10;0.1
09.01.2019 08:20;0.1
09.01.2019 08:30;0.2
09.01.2019 08:40;0.1
09.01.2019 08:50;0.1
09.01.2019 09:00;0.1
09.01.2019 09:10;0.2
09.01.2019 09:20;0.2
09.01.2019 09:30;0.2
09.01.2019 09:40;0.2
09.01.2019 09:50;0.1
09.01.2019 10:00;0.1
09.01.2019 10:10;0.3
09.01.2019 10:20;0.1
09.01.2019 10:30;0.2
09.01.2019 10:40;0.2
09.01.2019 10:50;0.2
09.01.2019 11:00;0.2
09.01.2019 11:10;0.3
09.01.2019 11:20;0.1
09.01.2019 11:40;0.1
09.01.2019 12:00;0.1
09.01.2019 12:20;0.1
09.01.2019 12:30;0.1
09.01.2019 12:40;0.2
09.01.2019 12:50;0.1
09.01.2019 13:00;0.2
09.01.2019 13:10;0.1
09.01.2019 13:20;0.2
09.01.2019 13:30;0.2
09.01.2019 13:40;0.1
09.01.2019 13:50;0.1
09.01.2019 14:00;0.2
09.01.2019 14:10;0.1
09.01.2019 14:20;0.1
09.01.2019 14:30;0.2
09.01.2019 14:40;0.2
09.01.2019 14:50;0.2
09.01.2019 15:00;0.2
09.01.2019 15:10;0.2
09.01.2019 15:20;0.1
09.01.2019 15:30;0.2
09.01.2019 15:40;0.1
09.01.2019 15:50;0.1
09.01.2019 16:00;0.1
09.01.2019 16:10;0.2
09.01.2019 16:20;0.2
09.01.2019 16:30;0.1
09.01.2019 16:40;0.1
09.01.2019 17:30;0.1
09.01.2019 17:40;0.1
09.01.2019 17:50;0.1
09.01.2019 18:00;0.1
09.01.2019 18:10;0.2
09.01.2019 18:20;0.1
09.01.2019 18:30;0.1
09.01.2019 18:40;0.2
09.01.2019 18:50;0.1
09.01.2019 19:00;0.1
09.01.2019 19:10;0.1
09.01.2019 19:20;0.2
09.01.2019 19:30;0.1
09.01.2019 19:40;0.1
09.01.2019 19:50;0.1
09.01.2019 20:00;0.2
09.01.2019 20:10;0.1
09.01.2019 20:20;0.1
09.01.2019 20:30;0.2
09.01.2019 20:40;0.1
09.01.2019 20:50;0.1
09.01.2019 21:10;0.1
09.01.2019 21:30;0.1
09.01.2019 22:00;0.1
09.01.2019 22:20;0.1
09.01.2019 23:10;0.1
09.01.2019 23:30;0.1
10.01.2019 00:00;0.1
10.01.2019 00:20;0.1
10.01.2019 00:30;0.3
10.01.2019 00:40;0.2
10.01.2019 00:50;0.2
10.01.2019 01:00;0.3
10.01.2019 01:10;0.2
10.01.2019 01:20;0.2
10.01.2019 01:30;0.1
10.01.2019 01:40;0.1
10.01.2019 01:50;0.2
10.01.2019 02:00;0.1
10.01.2019 02:20;0.1
10.01.2019 02:30;0.1
10.01.2019 02:40;0.1
10.01.2019 02:50;0.2
10.01.2019 03:00;0.2
10.01.2019 03:10;0.1
10.01.2019 03:20;0.1
10.01.2019 06:10;0.1
10.01.2019 06:20;0.1
10.01.2019 06:30;0.1
10.01.2019 06:50;0.1
10.01.2019 07:00;0.1
10.01.2019 07:10;0.1
10.01.2019 07:30;0.1
10.01.2019 09:20;0.1
10.01.2019 09:30;0.1
10.01.2019 13:00;0.1
10.01.2019 13:20;0.1
10.01.2019 14:20;0.1
10.01.2019 14:30;0.2
11.01.2019 11:40;0.1
11.01.2019 12:10;0.1
11.01.2019 12:50;0.1
11.01.2019 13:20;0.1
11.01.2019 13:30;0.1
11.01.2019 15:40;0.1
12.01.2019 07:30;0.2
12.01.2019 07:40;0.1
12.01.2019 08:20;0.1
12.01.2019 08:50;0.1
12.01.2019 09:00;0.1
12.01.2019 16:30;0.2
12.01.2019 16:40;0.1
12.01.2019 16:50;0.1
12.01.2019 17:10;0.1
12.01.2019 17:30;0.1
12.01.2019 19:10;0.2
12.01.2019 19:20;0.1
13.01.2019 07:20;0.1
13.01.2019 13:10;0.1
13.01.2019 13:20;0.1
13.01.2019 13:30;0.1
13.01.2019 14:00;0.1
13.01.2019 16:00;0.1
13.01.2019 16:10;0.1
13.01.2019 16:20;0.2
13.01.2019 16:30;0.3
13.01.2019 16:40;0.3
13.01.2019 16:50;0.1
13.01.2019 17:00;0.2
13.01.2019 17:50;0.1
13.01.2019 18:20;0.4
13.01.2019 18:30;0.3
13.01.2019 18:40;0.4
13.01.2019 18:50;0.3
13.01.2019 19:40;0.2
13.01.2019 20:50;0.4
13.01.2019 21:00;0.6
13.01.2019 23:40;0.2
14.01.2019 00:10;0.1
14.01.2019 00:30;0.1
14.01.2019 00:40;0.2
14.01.2019 00:50;0.4
14.01.2019 01:00;0.2
14.01.2019 01:20;0.1
14.01.2019 05:40;0.1
15.01.2019 01:40;0.1
15.01.2019 05:50;0.1
15.01.2019 08:30;0.1
15.01.2019 13:50;0.1
15.01.2019 14:10;0.2
15.01.2019 14:20;0.1
15.01.2019 14:30;0.1
15.01.2019 14:40;0.1
15.01.2019 14:50;0.1
15.01.2019 15:00;0.1
15.01.2019 15:10;0.1
15.01.2019 16:10;0.1
15.01.2019 16:40;0.1
15.01.2019 16:50;0.2
15.01.2019 17:00;0.2
15.01.2019 17:10;0.1
15.01.2019 17:20;0.1
15.01.2019 22:50;0.2
15.01.2019 23:00;0.2
15.01.2019 23:40;0.1
15.01.2019 23:50;0.1
16.01.2019 00:00;0.2
16.01.2019 00:10;0.1
17.01.2019 20:10;0.2
17.01.2019 20:30;0.1
18.01.2019 06:10;0.3
18.01.2019 07:10;0.1
18.01.2019 08:20;0.1
26.01.2019 04:50;0.1
26.01.2019 05:00;0.1
26.01.2019 05:10;0.1
26.01.2019 05:20;0.2
26.01.2019 05:30;0.2
26.01.2019 07:00;0.1
26.01.2019 07:20;0.1
26.01.2019 09:00;0.1
26.01.2019 09:10;0.1
26.01.2019 09:20;0.2
26.01.2019 09:30;0.1
26.01.2019 09:40;0.2
26.01.2019 09:50;0.1
26.01.2019 10:10;0.1
26.01.2019 11:00;0.1
26.01.2019 11:30;0.1
26.01.2019 11:40;0.1
26.01.2019 11:50;0.1
26.01.2019 12:00;0.1
26.01.2019 12:10;0.1
26.01.2019 12:20;0.1
26.01.2019 12:40;0.1
26.01.2019 13:10;0.1
26.01.2019 13:30;0.1
26.01.2019 13:40;0.1
26.01.2019 13:50;0.1
26.01.2019 14:00;0.1
26.01.2019 14:10;0.2
26.01.2019 14:20;0.1
26.01.2019 14:40;0.2
26.01.2019 14:50;0.1
26.01.2019 15:00;0.1
26.01.2019 15:10;0.1
26.01.2019 15:30;0.1
26.01.2019 15:40;0.2
26.01.2019 15:50;0.1
26.01.2019 16:00;0.2
26.01.2019 16:30;0.1
26.01.2019 16:40;0.1
26.01.2019 17:00;0.1
26.01.2019 17:10;0.1
26.01.2019 17:20;0.2
26.01.2019 17:30;0.2
26.01.2019 17:40;0.3
26.01.2019 17:50;0.2
26.01.2019 18:00;0.1
26.01.2019 18:10;0.1
26.01.2019 18:20;0.1
26.01.2019 18:30;0.2
26.01.2019 18:40;0.1
28.01.2019 03:40;0.1
28.01.2019 03:50;0.1
29.01.2019 00:20;0.1
29.01.2019 01:00;0.1
29.01.2019 01:10;0.1
29.01.2019 02:10;0.1
29.01.2019 05:20;0.1
01.02.2019 22:50;0.3
01.02.2019 23:00;0.1
02.02.2019 12:20;0.1
02.02.2019 12:30;0.2
02.02.2019 12:40;0.1
02.02.2019 13:10;0.2
02.02.2019 13:20;0.3
02.02.2019 13:30;0.1
02.02.2019 13:40;0.1
02.02.2019 13:50;0.1
02.02.2019 14:00;0.2
02.02.2019 14:20;0.1
03.02.2019 08:10;0.2
03.02.2019 08:20;0.3
03.02.2019 08:30;0.2
03.02.2019 08:40;0.2
03.02.2019 08:50;0.3
03.02.2019 09:00;0.2
03.02.2019 09:10;0.3
03.02.2019 09:20;0.2
03.02.2019 09:30;0.3
03.02.2019 09:40;0.3
03.02.2019 09:50;0.3
03.02.2019 10:00;0.2
03.02.2019 10:10;0.3
03.02.2019 10:20;0.2
03.02.2019 10:30;0.2
03.02.2019 10:40;0.2
03.02.2019 10:50;0.4
03.02.2019 11:00;0.2
03.02.2019 11:10;0.4
03.02.2019 11:20;0.5
03.02.2019 11:30;0.7
03.02.2019 11:40;0.5
03.02.2019 11:50;0.6
03.02.2019 12:00;0.5
03.02.2019 12:10;0.1
03.02.2019 12:20;0.3
03.02.2019 12:30;0.2
03.02.2019 12:40;0.5
03.02.2019 12:50;0.5
03.02.2019 13:00;0.5
03.02.2019 13:10;0.5
03.02.2019 13:20;0.4
03.02.2019 13:30;0.2
03.02.2019 13:40;0.6
03.02.2019 13:50;0.5
03.02.2019 14:00;0.3
03.02.2019 14:10;0.3
03.02.2019 14:20;0.4
03.02.2019 14:30;0.2
03.02.2019 14:40;0.1
03.02.2019 14:50;0.2
03.02.2019 15:00;0.2
03.02.2019 15:10;0.2
03.02.2019 15:20;0.2
03.02.2019 15:30;0.1
03.02.2019 15:40;0.2
03.02.2019 15:50;0.1
03.02.2019 16:00;0.1
03.02.2019 16:10;0.1
03.02.2019 16:20;0.1
03.02.2019 16:30;0.1
03.02.2019 17:00;0.1
03.02.2019 17:30;0.1
03.02.2019 18:30;0.1
03.02.2019 18:40;0.2
03.02.2019 18:50;0.1
03.02.2019 19:00;0.2
03.02.2019 19:10;0.2
03.02.2019 19:20;0.2
03.02.2019 19:30;0.1
03.02.2019 19:40;0.1
03.02.2019 19:50;0.1
03.02.2019 20:00;0.1
03.02.2019 20:10;0.1
03.02.2019 20:20;0.1
03.02.2019 20:30;0.1
03.02.2019 20:40;0.1
03.02.2019 21:20;0.1
01.03.2019 13:30;0.1
01.03.2019 14:30;0.1
01.03.2019 14:40;0.5
01.03.2019 14:50;0.2
01.03.2019 15:50;0.1
01.03.2019 16:00;0.1
01.03.2019 16:20;0.3
01.03.2019 16:30;0.1
01.03.2019 17:00;0.1
01.03.2019 17:10;0.4
01.03.2019 17:20;0.5
01.03.2019 17:30;0.1
04.03.2019 19:10;0.1
04.03.2019 19:20;0.1
04.03.2019 19:30;0.2
05.03.2019 08:10;0.1
05.03.2019 13:20;0.1
05.03.2019 13:30;0.1
05.03.2019 13:40;0.5
05.03.2019 13:50;0.9
05.03.2019 14:00;0.5
05.03.2019 15:30;0.1
05.03.2019 15:40;0.5
08.03.2019 13:40;0.1
08.03.2019 16:20;0.9
08.03.2019 16:30;0.4
08.03.2019 17:00;0.2
08.03.2019 17:10;0.1
09.03.2019 07:00;0.1
09.03.2019 07:30;0.1
09.03.2019 07:40;0.1
09.03.2019 07:50;0.1
09.03.2019 08:00;0.2
09.03.2019 08:10;0.3
09.03.2019 08:20;0.2
09.03.2019 08:30;0.3
09.03.2019 08:40;0.1
09.03.2019 14:00;0.3
09.03.2019 14:10;0.1
09.03.2019 15:10;0.1
09.03.2019 19:30;0.1
09.03.2019 19:40;0.1
09.03.2019 20:20;0.3
10.03.2019 09:00;0.1
10.03.2019 09:10;0.2
10.03.2019 09:20;0.2
10.03.2019 09:30;0.2
10.03.2019 09:40;0.3
10.03.2019 09:50;0.2
10.03.2019 10:00;0.2
10.03.2019 10:10;0.1
10.03.2019 10:20;0.2
10.03.2019 10:30;0.2
10.03.2019 10:40;0.3
10.03.2019 10:50;0.1
10.03.2019 11:00;0.4
10.03.2019 11:10;0.2
10.03.2019 11:20;0.2
10.03.2019 11:30;0.1
10.03.2019 11:40;0.2
10.03.2019 11:50;0.1
10.03.2019 12:00;0.1
10.03.2019 12:10;0.1
10.03.2019 12:20;0.4
10.03.2019 12:30;0.1
10.03.2019 15:40;0.1
10.03.2019 15:50;0.1
10.03.2019 16:00;1.2
10.03.2019 16:10;1.1
10.03.2019 16:20;0.8
10.03.2019 16:30;0.7
10.03.2019 17:40;0.1
10.03.2019 17:50;0.3
10.03.2019 18:00;1
10.03.2019 23:00;0.2
10.03.2019 23:10;0.2
10.03.2019 23:20;0.1
10.03.2019 23:50;0.1
11.03.2019 00:00;0.1
11.03.2019 01:50;0.1
11.03.2019 02:00;0.1
11.03.2019 02:10;0.1
11.03.2019 15:30;0.1
11.03.2019 19:10;0.1
11.03.2019 19:20;0.4
11.03.2019 19:30;0.7
11.03.2019 19:40;0.3
11.03.2019 19:50;0.1
11.03.2019 20:10;0.1
11.03.2019 20:20;0.1
11.03.2019 20:30;0.2
11.03.2019 20:40;0.4
11.03.2019 23:40;0.1
11.03.2019 23:50;0.1
13.03.2019 03:30;0.1
13.03.2019 09:10;0.1
14.03.2019 03:10;0.1
14.03.2019 03:20;0.1
14.03.2019 03:30;0.1
14.03.2019 03:40;0.1
14.03.2019 03:50;0.1
14.03.2019 05:00;0.1
14.03.2019 13:40;0.1
14.03.2019 14:20;0.1
14.03.2019 14:50;0.1
14.03.2019 15:20;0.1
14.03.2019 15:30;0.1
14.03.2019 16:00;0.1
14.03.2019 16:20;0.1
14.03.2019 16:50;0.1
14.03.2019 17:00;0.2
14.03.2019 17:10;0.1
14.03.2019 17:20;0.2
14.03.2019 17:30;0.2
14.03.2019 17:40;0.3
14.03.2019 17:50;0.1
14.03.2019 18:00;0.2
14.03.2019 18:10;0.3
14.03.2019 18:20;0.3
14.03.2019 18:30;0.4
14.03.2019 18:40;0.4
14.03.2019 18:50;0.1
14.03.2019 20:00;0.1
14.03.2019 20:30;0.1
14.03.2019 20:40;0.2
14.03.2019 20:50;0.4
14.03.2019 21:00;0.3
14.03.2019 21:10;0.1
14.03.2019 21:20;0.1
14.03.2019 21:30;0.2
14.03.2019 21:40;0.2
14.03.2019 21:50;0.1
14.03.2019 22:00;0.1
14.03.2019 22:10;0.1
14.03.2019 22:20;0.3
14.03.2019 22:30;0.3
14.03.2019 22:40;0.4
14.03.2019 22:50;0.2
14.03.2019 23:00;0.1
14.03.2019 23:10;0.2
14.03.2019 23:20;0.4
14.03.2019 23:30;0.2
15.03.2019 00:20;0.2
15.03.2019 00:30;0.2
15.03.2019 01:40;0.1
15.03.2019 01:50;0.1
15.03.2019 14:20;0.1
15.03.2019 15:30;0.1
15.03.2019 15:40;0.1
15.03.2019 15:50;0.1
15.03.2019 19:10;0.2
15.03.2019 19:20;0.1
15.03.2019 19:40;0.2
15.03.2019 19:50;1.3
15.03.2019 20:00;1.8
15.03.2019 20:10;0.4
15.03.2019 20:20;0.1
15.03.2019 20:50;0.1
15.03.2019 21:10;0.1
15.03.2019 21:20;0.3
15.03.2019 21:30;0.1
15.03.2019 23:20;0.1
16.03.2019 09:40;0.1
16.03.2019 09:50;0.1
16.03.2019 10:10;0.2
16.03.2019 10:20;0.1
16.03.2019 10:30;0.2
16.03.2019 10:40;0.3
16.03.2019 10:50;0.2
16.03.2019 11:00;0.3
16.03.2019 11:10;0.1
16.03.2019 11:20;0.2
16.03.2019 11:30;0.1
16.03.2019 11:40;0.1
16.03.2019 12:00;0.2
16.03.2019 12:10;0.2
16.03.2019 12:20;0.2
16.03.2019 12:30;0.1
16.03.2019 12:40;0.1
16.03.2019 12:50;0.1
16.03.2019 13:20;0.1
16.03.2019 14:00;0.1
16.03.2019 15:00;0.1
17.03.2019 16:20;0.1
17.03.2019 16:30;0.5
17.03.2019 16:40;0.2
17.03.2019 17:00;0.2
17.03.2019 17:10;0.2
17.03.2019 17:20;0.3
17.03.2019 17:30;0.2
17.03.2019 17:40;0.1
17.03.2019 18:00;0.1
17.03.2019 18:10;0.1
17.03.2019 18:20;0.2
18.03.2019 13:20;0.2
18.03.2019 14:40;0.1
18.03.2019 14:50;0.1
18.03.2019 15:20;0.4
18.03.2019 15:30;0.1
19.03.2019 13:00;0.1
25.03.2019 09:20;0.2
25.03.2019 09:30;0.4
25.03.2019 09:40;0.2
25.03.2019 15:00;0.1
25.03.2019 15:30;0.1
25.03.2019 18:40;0.3
25.03.2019 18:50;0.1
25.03.2019 19:00;0.1
26.03.2019 18:40;0.1
26.03.2019 18:50;0.1
26.03.2019 19:20;0.1
27.03.2019 23:50;0.1
28.03.2019 02:20;0.1
28.03.2019 02:40;0.1
28.03.2019 02:50;0.1
28.03.2019 03:00;0.1
28.03.2019 03:10;0.1
28.03.2019 03:50;0.1
28.03.2019 04:10;0.1
28.03.2019 04:20;0.1
28.03.2019 04:30;0.1
28.03.2019 04:40;0.1
28.03.2019 04:50;0.1
28.03.2019 05:00;0.1
28.03.2019 05:10;0.2
28.03.2019 05:20;0.1
28.03.2019 05:30;0.1
28.03.2019 05:40;0.1
28.03.2019 06:00;0.1
28.03.2019 06:10;0.1
28.03.2019 06:20;0.1
28.03.2019 06:30;0.1
28.03.2019 06:50;0.1
28.03.2019 07:00;0.1
28.03.2019 07:10;0.2
28.03.2019 07:20;0.2
28.03.2019 07:30;0.1
28.03.2019 07:40;0.1
28.03.2019 07:50;0.1
28.03.2019 08:00;0.1
28.03.2019 08:30;0.1
28.03.2019 08:50;0.1
28.03.2019 09:00;0.1
28.03.2019 09:20;0.1
28.03.2019 09:30;0.2
28.03.2019 09:40;0.1
28.03.2019 09:50;0.1
28.03.2019 10:10;0.1
28.03.2019 10:20;0.1
28.03.2019 10:50;0.1
28.03.2019 11:00;0.1
28.03.2019 12:00;0.1
28.03.2019 12:30;0.1
28.03.2019 16:10;0.1
28.03.2019 16:20;0.1
28.03.2019 19:10;0.1
28.03.2019 19:30;0.1
28.03.2019 19:40;0.2
28.03.2019 20:00;0.1
28.03.2019 20:30;0.1
14.04.2019 06:20;0.1
14.04.2019 06:30;0.1
14.04.2019 06:50;0.1
14.04.2019 07:00;0.1
14.04.2019 07:20;0.1
14.04.2019 08:10;0.1
14.04.2019 08:20;0.1
14.04.2019 08:30;0.1
14.04.2019 08:40;0.1
14.04.2019 09:00;0.1
14.04.2019 09:30;0.1
14.04.2019 10:00;0.1
14.04.2019 10:20;0.3
14.04.2019 10:30;0.4
14.04.2019 10:40;0.3
14.04.2019 10:50;0.1
14.04.2019 11:00;0.2
14.04.2019 11:10;0.1
14.04.2019 11:50;0.1
14.04.2019 12:00;0.3
14.04.2019 12:10;0.1
15.04.2019 04:40;0.1
26.04.2019 17:30;0.1
26.04.2019 18:10;0.1
26.04.2019 18:40;0.3
26.04.2019 18:50;0.5
26.04.2019 19:00;0.5
26.04.2019 19:10;0.7
26.04.2019 19:20;1.2
26.04.2019 19:30;0.6
26.04.2019 19:40;0.8
26.04.2019 19:50;0.4
26.04.2019 20:00;0.1
26.04.2019 20:10;0.3
26.04.2019 20:20;1
26.04.2019 20:30;0.3
26.04.2019 20:40;1.1
26.04.2019 20:50;1.3
26.04.2019 21:00;0.8
26.04.2019 21:10;0.5
26.04.2019 21:20;0.6
26.04.2019 21:30;0.4
26.04.2019 21:40;0.3
26.04.2019 21:50;0.2
26.04.2019 22:00;0.1
26.04.2019 22:10;0.1
26.04.2019 22:20;0.1
26.04.2019 22:30;0.1
27.04.2019 00:20;0.1
27.04.2019 19:10;0.2
27.04.2019 19:20;0.4
27.04.2019 19:30;0.4
27.04.2019 21:10;0.1
27.04.2019 23:40;0.1
27.04.2019 23:50;0.1
28.04.2019 00:00;0.1
28.04.2019 00:50;0.1
29.04.2019 06:40;0.1
29.04.2019 06:50;0.1
29.04.2019 07:00;0.1
29.04.2019 07:20;0.2
29.04.2019 07:30;0.1
29.04.2019 07:40;0.3
29.04.2019 07:50;0.2
29.04.2019 08:00;0.2
29.04.2019 08:10;0.3
29.04.2019 08:20;0.1
29.04.2019 08:30;0.1
29.04.2019 08:40;0.1
29.04.2019 09:00;0.4
29.04.2019 09:10;0.3
29.04.2019 09:20;0.3
29.04.2019 09:30;0.3
29.04.2019 09:40;0.3
29.04.2019 09:50;0.2
29.04.2019 10:00;0.2
29.04.2019 10:10;0.2
29.04.2019 10:20;0.2
29.04.2019 10:30;0.2
29.04.2019 10:40;0.1
29.04.2019 10:50;0.2
29.04.2019 11:00;0.2
29.04.2019 11:10;0.2
29.04.2019 11:20;0.2
29.04.2019 11:30;0.2
29.04.2019 11:40;0.2
29.04.2019 11:50;0.1
29.04.2019 12:00;0.2
29.04.2019 12:10;0.1
29.04.2019 12:20;0.2
29.04.2019 12:30;0.1
29.04.2019 12:40;0.1
29.04.2019 12:50;0.1
29.04.2019 13:10;0.1
29.04.2019 13:20;0.1
29.04.2019 13:30;0.1
29.04.2019 13:50;0.1
29.04.2019 14:00;0.1
29.04.2019 14:20;0.1
29.04.2019 14:30;0.1
29.04.2019 14:50;0.1
29.04.2019 15:00;0.1
29.04.2019 15:20;0.1
29.04.2019 15:40;0.1
29.04.2019 15:50;0.1
29.04.2019 16:10;0.1
29.04.2019 16:30;0.1
29.04.2019 16:50;0.1
29.04.2019 17:10;0.1
29.04.2019 17:30;0.1
29.04.2019 17:50;0.1
29.04.2019 18:10;0.1
29.04.2019 18:30;0.1
29.04.2019 18:50;0.1
29.04.2019 19:20;0.1
29.04.2019 19:40;0.1
29.04.2019 20:00;0.1
29.04.2019 20:20;0.1
29.04.2019 20:40;0.1
29.04.2019 21:00;0.1
29.04.2019 21:20;0.1
29.04.2019 21:40;0.1
29.04.2019 22:00;0.1
29.04.2019 22:20;0.1
29.04.2019 22:50;0.1
29.04.2019 23:10;0.1
29.04.2019 23:30;0.1
29.04.2019 23:50;0.1
30.04.2019 00:10;0.1
30.04.2019 00:30;0.1
30.04.2019 00:50;0.1
30.04.2019 01:10;0.1
30.04.2019 01:30;0.1
30.04.2019 02:00;0.1
30.04.2019 02:20;0.1
30.04.2019 02:50;0.1
30.04.2019 03:30;0.1
